SET NAMES utf8mb4;
SET FOREIGN_KEY_CHECKS=0;

DROP TABLE IF EXISTS `migrations`;
CREATE TABLE `migrations` (`id` INT NOT NULL AUTO_INCREMENT PRIMARY KEY, `migration` VARCHAR(255) not null, `batch` integer not null) ENGINE=InnoDB DEFAULT CHARSET=utf8mb4 COLLATE=utf8mb4_unicode_ci;

INSERT INTO `migrations` (`id`, `migration`, `batch`) VALUES ('1', '0001_01_01_000000_create_users_table', '1');
INSERT INTO `migrations` (`id`, `migration`, `batch`) VALUES ('2', '0001_01_01_000001_create_cache_table', '1');
INSERT INTO `migrations` (`id`, `migration`, `batch`) VALUES ('3', '0001_01_01_000002_create_jobs_table', '1');
INSERT INTO `migrations` (`id`, `migration`, `batch`) VALUES ('4', '2022_12_14_083707_create_settings_table', '1');
INSERT INTO `migrations` (`id`, `migration`, `batch`) VALUES ('5', '2026_01_01_000001_create_pages_table', '1');
INSERT INTO `migrations` (`id`, `migration`, `batch`) VALUES ('6', '2026_01_01_000002_create_menus_table', '1');
INSERT INTO `migrations` (`id`, `migration`, `batch`) VALUES ('7', '2026_01_01_000003_create_header_footer_table', '1');
INSERT INTO `migrations` (`id`, `migration`, `batch`) VALUES ('8', '2026_01_01_000004_create_form_submissions_table', '1');
INSERT INTO `migrations` (`id`, `migration`, `batch`) VALUES ('9', '2026_01_01_000005_seed_default_settings', '1');
INSERT INTO `migrations` (`id`, `migration`, `batch`) VALUES ('10', '2026_01_01_000006_add_logo_settings', '1');
INSERT INTO `migrations` (`id`, `migration`, `batch`) VALUES ('11', '2026_01_02_000001_create_qr_menu_tables', '1');
INSERT INTO `migrations` (`id`, `migration`, `batch`) VALUES ('12', '2026_01_03_000001_create_blog_tables', '1');
INSERT INTO `migrations` (`id`, `migration`, `batch`) VALUES ('13', '2026_01_04_000001_create_services_table', '1');
INSERT INTO `migrations` (`id`, `migration`, `batch`) VALUES ('14', '2026_01_05_000001_create_portfolio_tables', '1');
INSERT INTO `migrations` (`id`, `migration`, `batch`) VALUES ('15', '2026_01_06_000001_create_team_members_table', '1');
INSERT INTO `migrations` (`id`, `migration`, `batch`) VALUES ('16', '2026_01_07_000001_create_contact_submissions_table', '1');
INSERT INTO `migrations` (`id`, `migration`, `batch`) VALUES ('17', '2026_01_08_000001_create_meeting_tables', '1');
INSERT INTO `migrations` (`id`, `migration`, `batch`) VALUES ('18', '2026_03_27_195801_create_media_table', '1');
INSERT INTO `migrations` (`id`, `migration`, `batch`) VALUES ('19', '2026_03_27_195801_create_permission_tables', '1');
INSERT INTO `migrations` (`id`, `migration`, `batch`) VALUES ('20', '2026_03_28_002900_add_team_member_id_to_meeting_staff_table', '1');

DROP TABLE IF EXISTS `users`;
CREATE TABLE `users` (`id` INT NOT NULL AUTO_INCREMENT PRIMARY KEY, `name` VARCHAR(255) not null, `email` VARCHAR(255) not null, `email_verified_at` datetime, `password` VARCHAR(255) not null, `remember_token` VARCHAR(255), `created_at` datetime, `updated_at` datetime) ENGINE=InnoDB DEFAULT CHARSET=utf8mb4 COLLATE=utf8mb4_unicode_ci;

INSERT INTO `users` (`id`, `name`, `email`, `email_verified_at`, `password`, `remember_token`, `created_at`, `updated_at`) VALUES ('1', 'Super Admin', 'admin@example.test', '2026-04-01 06:52:21', '$2y$12$TEvOP1rfUOunB1VlIsXEme5WJVKuG8cQBvys5mV5Dr7x6.rtkuSUa', NULL, '2026-04-01 06:52:21', '2026-04-01 06:52:21');
INSERT INTO `users` (`id`, `name`, `email`, `email_verified_at`, `password`, `remember_token`, `created_at`, `updated_at`) VALUES ('2', 'admin', 'admin@specialroma.com.tr', NULL, '$2y$12$B72UDexXarWSGQIh.DhymuUpvPAH6fRADjTYfISUabd7QRvob1Fjm', NULL, '2026-04-01 06:52:21', '2026-04-01 06:52:21');

DROP TABLE IF EXISTS `password_reset_tokens`;
CREATE TABLE `password_reset_tokens` (`email` VARCHAR(255) not null, `token` VARCHAR(255) not null, `created_at` datetime, primary key (`email`)) ENGINE=InnoDB DEFAULT CHARSET=utf8mb4 COLLATE=utf8mb4_unicode_ci;


DROP TABLE IF EXISTS `sessions`;
CREATE TABLE `sessions` (`id` VARCHAR(255) not null, `user_id` integer, `ip_address` VARCHAR(255), `user_agent` text, `payload` text not null, `last_activity` integer not null, primary key (`id`)) ENGINE=InnoDB DEFAULT CHARSET=utf8mb4 COLLATE=utf8mb4_unicode_ci;

INSERT INTO `sessions` (`id`, `user_id`, `ip_address`, `user_agent`, `payload`, `last_activity`) VALUES ('bB3s98x5YiFGXAQAQMDMG8G8l59qOjanCH3tp02T', '2', '127.0.0.1', 'Mozilla/5.0 (Macintosh; Intel Mac OS X 10_15_7) AppleWebKit/537.36 (KHTML, like Gecko) Chrome/146.0.0.0 Safari/537.36', 'eyJfdG9rZW4iOiJDZzhSVjZsV1psdVZOZjBqdVhpUXVWWXlLRkJJQXFJQ3p1b3UyRmtTIiwibG9jYWxlIjoidHIiLCJfcHJldmlvdXMiOnsidXJsIjoiaHR0cDpcL1wvc3BlY2lhbHJvbWEudGVzdCIsInJvdXRlIjoiaG9tZSJ9LCJfZmxhc2giOnsib2xkIjpbXSwibmV3IjpbXX0sInVybCI6W10sImxvZ2luX3dlYl81OWJhMzZhZGRjMmIyZjk0MDE1ODBmMDE0YzdmNThlYTRlMzA5ODlkIjoyLCJwYXNzd29yZF9oYXNoX3dlYiI6IjIyOTc1MjY5OTRmNTg2YWZhNzYxZWMwYjFkYzk3ZWQyNDY5ZGRlZDAxNjY4YTg5MjcxNmQxYzdlNmRiZjUwN2EiLCJmaWxhbWVudCI6W119', '1775154453');
INSERT INTO `sessions` (`id`, `user_id`, `ip_address`, `user_agent`, `payload`, `last_activity`) VALUES ('E0Z68gLvGLBLHsekFU8uymHlE412p8gPGL5E0oeh', NULL, '127.0.0.1', 'Mozilla/5.0 (Macintosh; Intel Mac OS X 10_15_7) AppleWebKit/537.36 (KHTML, like Gecko) Chrome/146.0.0.0 Safari/537.36', 'eyJfdG9rZW4iOiJnOHdNblJhenBQbG5jWW5jd0VHVlBGdmJWZmpxS2ZBMERHV1B5QTRrIiwibG9jYWxlIjoidHIiLCJfcHJldmlvdXMiOnsidXJsIjoiaHR0cDpcL1wvc3BlY2lhbHJvbWEudGVzdCIsInJvdXRlIjoiaG9tZSJ9LCJfZmxhc2giOnsib2xkIjpbXSwibmV3IjpbXX19', '1775171827');

DROP TABLE IF EXISTS `cache`;
CREATE TABLE `cache` (`key` VARCHAR(255) not null, `value` text not null, `expiration` integer not null, primary key (`key`)) ENGINE=InnoDB DEFAULT CHARSET=utf8mb4 COLLATE=utf8mb4_unicode_ci;

INSERT INTO `cache` (`key`, `value`, `expiration`) VALUES ('specialroma-cache-livewire-rate-limiter:a17961fa74e9275d529f489537f179c05d50c2f3:timer', 'i:1775143535;', '1775143535');
INSERT INTO `cache` (`key`, `value`, `expiration`) VALUES ('specialroma-cache-livewire-rate-limiter:a17961fa74e9275d529f489537f179c05d50c2f3', 'i:1;', '1775143535');
INSERT INTO `cache` (`key`, `value`, `expiration`) VALUES ('specialroma-cache-spatie.permission.cache', 'a:3:{s:5:"alias";a:0:{}s:11:"permissions";a:0:{}s:5:"roles";a:0:{}}', '1775229875');
INSERT INTO `cache` (`key`, `value`, `expiration`) VALUES ('specialroma-cache-da4b9237bacccdf19c0760cab7aec4a8359010b0:timer', 'i:1775146281;', '1775146281');
INSERT INTO `cache` (`key`, `value`, `expiration`) VALUES ('specialroma-cache-da4b9237bacccdf19c0760cab7aec4a8359010b0', 'i:2;', '1775146281');

DROP TABLE IF EXISTS `cache_locks`;
CREATE TABLE `cache_locks` (`key` VARCHAR(255) not null, `owner` VARCHAR(255) not null, `expiration` integer not null, primary key (`key`)) ENGINE=InnoDB DEFAULT CHARSET=utf8mb4 COLLATE=utf8mb4_unicode_ci;


DROP TABLE IF EXISTS `jobs`;
CREATE TABLE `jobs` (`id` INT NOT NULL AUTO_INCREMENT PRIMARY KEY, `queue` VARCHAR(255) not null, `payload` text not null, `attempts` integer not null, `reserved_at` integer, `available_at` integer not null, `created_at` integer not null) ENGINE=InnoDB DEFAULT CHARSET=utf8mb4 COLLATE=utf8mb4_unicode_ci;


DROP TABLE IF EXISTS `job_batches`;
CREATE TABLE `job_batches` (`id` VARCHAR(255) not null, `name` VARCHAR(255) not null, `total_jobs` integer not null, `pending_jobs` integer not null, `failed_jobs` integer not null, `failed_job_ids` text not null, `options` text, `cancelled_at` integer, `created_at` integer not null, `finished_at` integer, primary key (`id`)) ENGINE=InnoDB DEFAULT CHARSET=utf8mb4 COLLATE=utf8mb4_unicode_ci;


DROP TABLE IF EXISTS `failed_jobs`;
CREATE TABLE `failed_jobs` (`id` INT NOT NULL AUTO_INCREMENT PRIMARY KEY, `uuid` VARCHAR(255) not null, `connection` text not null, `queue` text not null, `payload` text not null, `exception` text not null, `failed_at` datetime not null default CURRENT_TIMESTAMP) ENGINE=InnoDB DEFAULT CHARSET=utf8mb4 COLLATE=utf8mb4_unicode_ci;


DROP TABLE IF EXISTS `settings`;
CREATE TABLE `settings` (`id` INT NOT NULL AUTO_INCREMENT PRIMARY KEY, `group` VARCHAR(255) not null, `name` VARCHAR(255) not null, `locked` TINYINT(1) NOT NULL DEFAULT 0, `payload` text not null, `created_at` datetime, `updated_at` datetime) ENGINE=InnoDB DEFAULT CHARSET=utf8mb4 COLLATE=utf8mb4_unicode_ci;

INSERT INTO `settings` (`id`, `group`, `name`, `locked`, `payload`, `created_at`, `updated_at`) VALUES ('1', 'general', 'site_name', '0', '"Special Roma Cafe & Dondurma"', '2026-04-01 06:52:20', '2026-04-01 18:11:48');
INSERT INTO `settings` (`id`, `group`, `name`, `locked`, `payload`, `created_at`, `updated_at`) VALUES ('2', 'general', 'site_tagline', '0', '"Efsane Dondurman\u0131n Ad\u0131  Special Roma Cafe & Patisseria Karaburun  Mordogan''da Seni Bekliyor. "', '2026-04-01 06:52:20', '2026-04-01 18:11:48');
INSERT INTO `settings` (`id`, `group`, `name`, `locked`, `payload`, `created_at`, `updated_at`) VALUES ('3', 'general', 'site_description', '0', '"Efsane Dondurman\u0131n Ad\u0131  Special Roma Cafe & Patisseria Karaburun  Mordogan''da Seni Bekliyor. "', '2026-04-01 06:52:20', '2026-04-01 18:11:48');
INSERT INTO `settings` (`id`, `group`, `name`, `locked`, `payload`, `created_at`, `updated_at`) VALUES ('4', 'general', 'contact_email', '0', '"info@specialroma.test"', '2026-04-01 06:52:20', '2026-04-01 18:11:48');
INSERT INTO `settings` (`id`, `group`, `name`, `locked`, `payload`, `created_at`, `updated_at`) VALUES ('5', 'general', 'contact_phone', '0', '"+90 533 601 33 85"', '2026-04-01 06:52:20', '2026-04-01 18:11:48');
INSERT INTO `settings` (`id`, `group`, `name`, `locked`, `payload`, `created_at`, `updated_at`) VALUES ('6', 'general', 'contact_address', '0', '"Cumhuriyet Meydan\u0131 No:13, Mordo\u011fan, Karaburun\/\u0130zmir (deniz kenar\u0131)"', '2026-04-01 06:52:20', '2026-04-01 18:11:48');
INSERT INTO `settings` (`id`, `group`, `name`, `locked`, `payload`, `created_at`, `updated_at`) VALUES ('7', 'general', 'social_links', '0', '{"instagram":"https:\/\/www.instagram.com\/romaspecialll\/"}', '2026-04-01 06:52:20', '2026-04-01 18:11:48');
INSERT INTO `settings` (`id`, `group`, `name`, `locked`, `payload`, `created_at`, `updated_at`) VALUES ('8', 'general', 'active_languages', '0', '["tr"]', '2026-04-01 06:52:20', '2026-04-01 18:11:48');
INSERT INTO `settings` (`id`, `group`, `name`, `locked`, `payload`, `created_at`, `updated_at`) VALUES ('9', 'general', 'default_language', '0', '"tr"', '2026-04-01 06:52:20', '2026-04-01 18:11:48');
INSERT INTO `settings` (`id`, `group`, `name`, `locked`, `payload`, `created_at`, `updated_at`) VALUES ('10', 'general', 'maintenance_mode', '0', 'false', '2026-04-01 06:52:20', '2026-04-01 18:11:48');
INSERT INTO `settings` (`id`, `group`, `name`, `locked`, `payload`, `created_at`, `updated_at`) VALUES ('11', 'seo', 'default_meta_title', '0', 'null', '2026-04-01 06:52:20', '2026-04-01 06:52:20');
INSERT INTO `settings` (`id`, `group`, `name`, `locked`, `payload`, `created_at`, `updated_at`) VALUES ('12', 'seo', 'default_meta_description', '0', 'null', '2026-04-01 06:52:20', '2026-04-01 06:52:20');
INSERT INTO `settings` (`id`, `group`, `name`, `locked`, `payload`, `created_at`, `updated_at`) VALUES ('13', 'seo', 'google_analytics_id', '0', 'null', '2026-04-01 06:52:20', '2026-04-01 06:52:20');
INSERT INTO `settings` (`id`, `group`, `name`, `locked`, `payload`, `created_at`, `updated_at`) VALUES ('14', 'seo', 'google_tag_manager_id', '0', 'null', '2026-04-01 06:52:20', '2026-04-01 06:52:20');
INSERT INTO `settings` (`id`, `group`, `name`, `locked`, `payload`, `created_at`, `updated_at`) VALUES ('15', 'seo', 'facebook_pixel_id', '0', 'null', '2026-04-01 06:52:20', '2026-04-01 06:52:20');
INSERT INTO `settings` (`id`, `group`, `name`, `locked`, `payload`, `created_at`, `updated_at`) VALUES ('16', 'seo', 'generate_sitemap', '0', 'true', '2026-04-01 06:52:20', '2026-04-01 06:52:20');
INSERT INTO `settings` (`id`, `group`, `name`, `locked`, `payload`, `created_at`, `updated_at`) VALUES ('17', 'seo', 'robots_index', '0', 'true', '2026-04-01 06:52:20', '2026-04-01 06:52:20');
INSERT INTO `settings` (`id`, `group`, `name`, `locked`, `payload`, `created_at`, `updated_at`) VALUES ('18', 'seo', 'default_schema_org', '0', '[]', '2026-04-01 06:52:20', '2026-04-01 06:52:20');
INSERT INTO `settings` (`id`, `group`, `name`, `locked`, `payload`, `created_at`, `updated_at`) VALUES ('19', 'mail', 'mailer', '0', '"log"', '2026-04-01 06:52:20', '2026-04-01 06:52:20');
INSERT INTO `settings` (`id`, `group`, `name`, `locked`, `payload`, `created_at`, `updated_at`) VALUES ('20', 'mail', 'host', '0', '"127.0.0.1"', '2026-04-01 06:52:20', '2026-04-01 06:52:20');
INSERT INTO `settings` (`id`, `group`, `name`, `locked`, `payload`, `created_at`, `updated_at`) VALUES ('21', 'mail', 'port', '0', '587', '2026-04-01 06:52:20', '2026-04-01 06:52:20');
INSERT INTO `settings` (`id`, `group`, `name`, `locked`, `payload`, `created_at`, `updated_at`) VALUES ('22', 'mail', 'username', '0', 'null', '2026-04-01 06:52:20', '2026-04-01 06:52:20');
INSERT INTO `settings` (`id`, `group`, `name`, `locked`, `payload`, `created_at`, `updated_at`) VALUES ('23', 'mail', 'password', '0', 'null', '2026-04-01 06:52:20', '2026-04-01 06:52:20');
INSERT INTO `settings` (`id`, `group`, `name`, `locked`, `payload`, `created_at`, `updated_at`) VALUES ('24', 'mail', 'encryption', '0', '"tls"', '2026-04-01 06:52:20', '2026-04-01 06:52:20');
INSERT INTO `settings` (`id`, `group`, `name`, `locked`, `payload`, `created_at`, `updated_at`) VALUES ('25', 'mail', 'from_address', '0', '"hello@example.com"', '2026-04-01 06:52:20', '2026-04-01 06:52:20');
INSERT INTO `settings` (`id`, `group`, `name`, `locked`, `payload`, `created_at`, `updated_at`) VALUES ('26', 'mail', 'from_name', '0', '"Laravel"', '2026-04-01 06:52:20', '2026-04-01 06:52:20');
INSERT INTO `settings` (`id`, `group`, `name`, `locked`, `payload`, `created_at`, `updated_at`) VALUES ('27', 'mail', 'admin_notification_email', '0', '"admin@example.test"', '2026-04-01 06:52:20', '2026-04-01 06:52:20');
INSERT INTO `settings` (`id`, `group`, `name`, `locked`, `payload`, `created_at`, `updated_at`) VALUES ('28', 'mail', 'notify_admin_on_submission', '0', 'true', '2026-04-01 06:52:20', '2026-04-01 06:52:20');
INSERT INTO `settings` (`id`, `group`, `name`, `locked`, `payload`, `created_at`, `updated_at`) VALUES ('29', 'mail', 'notify_user_on_submission', '0', 'false', '2026-04-01 06:52:20', '2026-04-01 06:52:20');
INSERT INTO `settings` (`id`, `group`, `name`, `locked`, `payload`, `created_at`, `updated_at`) VALUES ('30', 'general', 'logo_type', '0', '"image"', '2026-04-01 06:52:20', '2026-04-01 18:11:48');
INSERT INTO `settings` (`id`, `group`, `name`, `locked`, `payload`, `created_at`, `updated_at`) VALUES ('31', 'general', 'logo_text', '0', 'null', '2026-04-01 06:52:20', '2026-04-01 18:11:48');

DROP TABLE IF EXISTS `pages`;
CREATE TABLE `pages` (`id` INT NOT NULL AUTO_INCREMENT PRIMARY KEY, `title` text not null, `slug` VARCHAR(255) not null, `meta_title` text, `meta_description` text, `og_title` text, `og_description` text, `og_image` VARCHAR(255), `blocks` text, `schema_org` text, `status` VARCHAR(255) check (`status` in ('draft', 'published', 'archived')) not null default 'draft', `is_home` TINYINT(1) NOT NULL DEFAULT 0, `sort_order` integer not null default '0', `parent_id` integer, `created_at` datetime, `updated_at` datetime, `deleted_at` datetime, foreign key(`parent_id`) references `pages`(`id`) on delete set null) ENGINE=InnoDB DEFAULT CHARSET=utf8mb4 COLLATE=utf8mb4_unicode_ci;

INSERT INTO `pages` (`id`, `title`, `slug`, `meta_title`, `meta_description`, `og_title`, `og_description`, `og_image`, `blocks`, `schema_org`, `status`, `is_home`, `sort_order`, `parent_id`, `created_at`, `updated_at`, `deleted_at`) VALUES ('1', '{"tr":"Ana Sayfa","en":"Home"}', 'home', '{"tr":"Special Roma — Mordoğan Cafe & Dondurma","en":"Special Roma"}', '{"tr":"1995’ten beri Mordoğan’da dondurma, kahvaltı ve tatlı. Cumhuriyet Meydanı deniz kenarı.","en":"Gelato & breakfast in Mordoğan since 1995."}', '{"tr":null}', '{"tr":null}', NULL, '[{"type":"roma_hero","data":{"heading":"1995\u2019ten beri Mordo\u011fan\u2019\u0131n efsane lezzetleri","subheading":"Deniz kenar\u0131nda premium ama samimi bir mola: Roma dondurmalar\u0131, serpme kahvalt\u0131 ve tatl\u0131 bar.","button_label":"Men\u00fcy\u00fc \u0130ncele","button_url":"http:\/\/specialroma.test\/menu\/special-roma\/4","button2_label":"Lokasyon","button2_url":"\/iletisim","background_image":null}},{"type":"services_grid","data":{"heading":"Cafe\u2019mizin Y\u0131ld\u0131zlar\u0131: Favoriler","columns":"3","services":[{"title":"Roma Dondurmalar\u0131","description":"Klasik ve special aromalar \u2014 her g\u00fcn taze.","icon":"\ud83c\udf68","url":"http:\/\/specialroma.test\/menu\/special-roma\/4"},{"title":"Serpme Kahvalt\u0131","description":"Zengin peynir & zeytin se\u00e7kisi, deniz manzaras\u0131.","icon":"\ud83c\udf73","url":"http:\/\/specialroma.test\/menu\/special-roma\/4"},{"title":"Patisserie","description":"Dilim pasta, waffle ve \u015ferbetli tatl\u0131lar.","icon":"\ud83c\udf70","url":"http:\/\/specialroma.test\/menu\/special-roma\/4"}]}},{"type":"roma_dondurmalar","data":{"heading":"Roma Dondurmalar\u0131","text":"Onlarca aromayla haz\u0131rlanan geleneksel Roma tarz\u0131 dondurma \u2014 hem klasik hem special \u00e7e\u015fitler.","button_label":"T\u00fcm men\u00fcy\u00fc g\u00f6r","button_url":"http:\/\/specialroma.test\/menu\/special-roma\/4"}},{"type":"services_grid","data":{"heading":"En pop\u00fcler lezzetler","columns":"3","services":[{"title":"Serpme Kahvalt\u0131","description":"Payla\u015f\u0131ml\u0131 zengin kahvalt\u0131 sofras\u0131.","icon":"\ud83e\udd50","url":"http:\/\/specialroma.test\/menu\/special-roma\/4"},{"title":"Roma Burger","description":"\u00d6zel sos ve kaliteli et.","icon":"\ud83c\udf54","url":"http:\/\/specialroma.test\/menu\/special-roma\/4"},{"title":"Fragola Sogna","description":"Meyve ve dondurma uyumu.","icon":"\ud83c\udf53","url":"http:\/\/specialroma.test\/menu\/special-roma\/4"},{"title":"Penne Mexicana","description":"Baharatl\u0131 ve doyurucu.","icon":"\ud83c\udf5d","url":"http:\/\/specialroma.test\/menu\/special-roma\/4"},{"title":"Roma Waffle","description":"\u00c7\u0131t\u0131r waffle, se\u00e7ti\u011finiz malzemeler.","icon":"\ud83e\uddc7","url":"http:\/\/specialroma.test\/menu\/special-roma\/4"},{"title":"Karamel Frappe","description":"Serinleten so\u011fuk kahve.","icon":"\u2615","url":"http:\/\/specialroma.test\/menu\/special-roma\/4"}]}},{"type":"text","data":{"alignment":"center","content":"<h2>Hikayemiz<\/h2><p class=\"sr-story-lead\">1995\u2019ten bu yana, Mordo\u011fan Cumhuriyet Meydan\u0131\u2019nda denizin hemen kenar\u0131nda misafirlerimize lezzet ve huzur sunuyoruz.<\/p><div class=\"sr-story-timeline\"><div class=\"sr-story-year\"><span class=\"sr-story-year__badge\">1995<\/span><p>Mordo\u011fan meydan\u0131nda k\u00fc\u00e7\u00fck bir dondurma d\u00fckk\u00e2n\u0131 olarak kap\u0131lar\u0131m\u0131z\u0131 a\u00e7t\u0131k. \u0130lk y\u0131ldan Ege\u2019nin en sevilen dura\u011f\u0131 olmay\u0131 ba\u015fard\u0131k.<\/p><\/div><div class=\"sr-story-year\"><span class=\"sr-story-year__badge\">2005<\/span><p>Kahvalt\u0131 ve tatl\u0131 bar men\u00fcm\u00fcz\u00fc geni\u015flettik. Serpme kahvalt\u0131m\u0131z Mordo\u011fan\u2019\u0131n simgesi haline geldi.<\/p><\/div><div class=\"sr-story-year\"><span class=\"sr-story-year__badge\">2015<\/span><p>Mekan\u0131m\u0131z\u0131 yeniledik, modern bir tasar\u0131mla deniz manzaras\u0131n\u0131 sofraya ta\u015f\u0131d\u0131k.<\/p><\/div><div class=\"sr-story-year\"><span class=\"sr-story-year__badge\">Bug\u00fcn<\/span><p>30 y\u0131l\u0131 a\u015fk\u0131n tecr\u00fcbe, ayn\u0131 tutku. Onlarca dondurma aromas\u0131, geni\u015f men\u00fc ve samimi bir hizmet anlay\u0131\u015f\u0131yla buraday\u0131z.<\/p><\/div><\/div>"}},{"type":"testimonials","data":{"heading":"Misafirlerimiz ne diyor?","eyebrow":"Yorumlar","items":[{"quote":"Dondurmalar harika, manzara e\u015fsiz. Her yaz mutlaka u\u011fruyoruz.","author_name":"Elif S.","author_title":"\u0130zmir","author_photo":null},{"quote":"Serpme kahvalt\u0131 ger\u00e7ekten doyurucu ve taze. Personel \u00e7ok ilgili.","author_name":"Can T.","author_title":"Mordo\u011fan","author_photo":null},{"quote":"Roma waffle ve special dondurma se\u00e7imi ile \u00e7ocuklar bay\u0131ld\u0131.","author_name":"P\u0131nar K.","author_title":"Ala\u00e7at\u0131","author_photo":null}]}},{"type":"text","data":{"alignment":"center","content":"<h2>Konum<\/h2><p><strong>Adres:<\/strong> Cumhuriyet Meydan\u0131 No:13, Mordo\u011fan \u2014 deniz kenar\u0131<\/p><div style=\"margin: 2rem 0; border-radius: 1.5rem; overflow: hidden; border: 1px solid rgb(196 54 110 \/ 0.1); box-shadow: 0 10px 30px -10px rgba(0,0,0,0.1);\"><iframe src=\"https:\/\/www.google.com\/maps\/embed?pb=!1m18!1m12!1m3!1d780.4180906623133!2d26.625279969662788!3d38.51826659823799!2m3!1f0!2f0!3f0!3m2!1i1024!2i768!4f13.1!3m3!1m2!1s0x14bbbba1501077af%3A0x599969cc9c850e5f!2sSpecial%20Roma%20cafe%20%26%20Patisseria!5e0!3m2!1str!2sus!4v1775059217298!5m2!1str!2sus\" width=\"100%\" height=\"450\" style=\"border:0;\" allowfullscreen=\"\" loading=\"lazy\" referrerpolicy=\"no-referrer-when-downgrade\"><\/iframe><\/div><p><a class=\"btn-primary\" style=\"display:inline-flex;margin-top:0.5rem;\" href=\"\/iletisim\">Yol tarifi & ileti\u015fim<\/a><\/p>"}},{"type":"cta_banner","data":{"heading":"Bug\u00fcn Mordo\u011fan\u2019da m\u0131s\u0131n\u0131z?","subheading":"Rezervasyon ve sorular\u0131n\u0131z i\u00e7in aray\u0131n veya WhatsApp\u2019tan yaz\u0131n.","button_text":"\u0130leti\u015fim & rezervasyon","button_url":"\/iletisim","background_color":"#c4366e"}}]', NULL, 'published', '1', '0', NULL, '2026-04-01 06:52:21', '2026-04-02 17:04:51', NULL);
INSERT INTO `pages` (`id`, `title`, `slug`, `meta_title`, `meta_description`, `og_title`, `og_description`, `og_image`, `blocks`, `schema_org`, `status`, `is_home`, `sort_order`, `parent_id`, `created_at`, `updated_at`, `deleted_at`) VALUES ('2', '{"tr":"İletişim","en":"Contact"}', 'contact', NULL, NULL, NULL, NULL, NULL, '[{"type":"contact-form","data":{"title":"\u0130leti\u015fime Ge\u00e7in","subtitle":"Size yard\u0131mc\u0131 olmaktan mutluluk duyar\u0131z."}}]', NULL, 'published', '0', '10', NULL, '2026-04-01 06:52:21', '2026-04-01 07:44:49', '2026-04-01 07:44:49');
INSERT INTO `pages` (`id`, `title`, `slug`, `meta_title`, `meta_description`, `og_title`, `og_description`, `og_image`, `blocks`, `schema_org`, `status`, `is_home`, `sort_order`, `parent_id`, `created_at`, `updated_at`, `deleted_at`) VALUES ('3', '{"tr":"Menü","en":"Menu"}', 'menumuz', '{"tr":null}', '{"tr":null}', '{"tr":null}', '{"tr":null}', NULL, '[{"type":"hero","data":{"heading":"QR Men\u00fc","subheading":"G\u00fcncel fiyatlar ve t\u00fcm kategoriler telefonunuzda. Masan\u0131zda QR ile de a\u00e7abilirsiniz.","button_label":"Men\u00fcy\u00fc a\u00e7","button_url":"http:\/\/specialroma.test\/menu\/special-roma\/4","button2_label":"PDF men\u00fc (bas\u0131l\u0131)","button2_url":"\/roma-menu.pdf","alignment":"center","min_height":"55vh","background_image":null,"style":null}},{"type":"text","data":{"alignment":"center","content":"<p>T\u00fcm \u00fcr\u00fcnlerimizi a\u015fa\u011f\u0131daki interaktif men\u00fcden inceleyebilirsiniz. PDF men\u00fcm\u00fcz\u00fc indirmek i\u00e7in ikinci butonu kullan\u0131n.<\/p>"}},{"type":"cta_banner","data":{"heading":"Hemen inceleyin","subheading":"Kategoriler aras\u0131nda gezinin; fiyatlar \u20ba olarak g\u00fcncellenir.","button_text":"QR men\u00fcy\u00fc a\u00e7","button_url":"http:\/\/specialroma.test\/menu\/special-roma\/4","background_color":"#0a3d62"}}]', NULL, 'published', '0', '5', NULL, '2026-04-01 07:44:49', '2026-04-01 07:54:40', NULL);
INSERT INTO `pages` (`id`, `title`, `slug`, `meta_title`, `meta_description`, `og_title`, `og_description`, `og_image`, `blocks`, `schema_org`, `status`, `is_home`, `sort_order`, `parent_id`, `created_at`, `updated_at`, `deleted_at`) VALUES ('4', '{"tr":"Hakkımızda","en":"About"}', 'hakkimizda', NULL, NULL, NULL, NULL, NULL, '[{"type":"hero","data":{"heading":"Hikayemiz","subheading":"1995\u2019ten beri ayn\u0131 \u00e7at\u0131 alt\u0131nda: lezzet, misafirperverlik ve Ege\u2019nin e\u015fsiz deniz esintisi.","alignment":"center","min_height":"45vh"}},{"type":"text","data":{"alignment":"center","content":"<div style=\"max-width:720px; margin:0 auto;\"><h2 style=\"text-align:center;\">Mordo\u011fan\u2019\u0131n Efsane Dura\u011f\u0131<\/h2><p style=\"font-size:1.1rem; line-height:1.8; text-align:center;\">Special Roma, \u0130zmir\u2019in sakl\u0131 cenneti Mordo\u011fan\u2019da, denizin hemen kenar\u0131nda, Cumhuriyet Meydan\u0131\u2019nda kap\u0131lar\u0131n\u0131 a\u00e7t\u0131. 1995 y\u0131l\u0131nda k\u00fc\u00e7\u00fck bir dondurma d\u00fckk\u00e2n\u0131 olarak ba\u015flayan yolculu\u011fumuz, bug\u00fcn tam donan\u0131ml\u0131 bir cafe, kahvalt\u0131 evi ve patisserie\u2019ye d\u00f6n\u00fc\u015ft\u00fc.<\/p><p style=\"font-size:1.05rem; line-height:1.8; text-align:center;\">Aslan & Musa karde\u015flerin kurdu\u011fu Special Roma, 30 y\u0131l\u0131 a\u015fk\u0131n s\u00fcredir aile s\u0131cakl\u0131\u011f\u0131yla misafirlerini a\u011f\u0131rl\u0131yor. Her sabah taze haz\u0131rlanan serpme kahvalt\u0131m\u0131z, el yap\u0131m\u0131 Roma dondurmalar\u0131 ve \u00f6zenle haz\u0131rlanan tatl\u0131lar\u0131m\u0131z ile Mordo\u011fan\u2019\u0131n vazge\u00e7ilmez bulu\u015fma noktas\u0131 olduk.<\/p><\/div>"}},{"type":"services_grid","data":{"heading":"De\u011ferlerimiz","columns":"3","services":[{"title":"Tazelik & Kalite","description":"Her g\u00fcn taze malzemeyle haz\u0131rlanan \u00fcr\u00fcnler, \u015feffaf mutfak k\u00fclt\u00fcr\u00fc.","icon":"\ud83c\udf3f","url":"#"},{"title":"Aile S\u0131cakl\u0131\u011f\u0131","description":"Aslan & Musa karde\u015flerin kurdu\u011fu aile i\u015fletmesi s\u0131cakl\u0131\u011f\u0131.","icon":"\ud83e\udd1d","url":"#"},{"title":"Ege Ruhu","description":"Mordo\u011fan\u2019\u0131n do\u011fas\u0131na ve yerel lezzetlerine derin sayg\u0131.","icon":"\ud83c\udf0a","url":"#"}]}},{"type":"text","data":{"alignment":"center","content":"<h2>Yolculu\u011fumuz<\/h2><p class=\"sr-story-lead\">K\u00fc\u00e7\u00fck bir dondurma d\u00fckk\u00e2n\u0131ndan Mordo\u011fan\u2019\u0131n simge mekan\u0131na\u2026<\/p><div class=\"sr-story-timeline\"><div class=\"sr-story-year\"><span class=\"sr-story-year__badge\">1995<\/span><p>Mordo\u011fan Cumhuriyet Meydan\u0131\u2019nda k\u00fc\u00e7\u00fck bir dondurma d\u00fckk\u00e2n\u0131 olarak kap\u0131lar\u0131m\u0131z\u0131 a\u00e7t\u0131k. Aslan & Musa karde\u015fler, el yap\u0131m\u0131 Roma dondurmalar\u0131yla ilk g\u00fcnden Ege\u2019nin en sevilen dura\u011f\u0131 olmay\u0131 ba\u015fard\u0131.<\/p><\/div><div class=\"sr-story-year\"><span class=\"sr-story-year__badge\">2005<\/span><p>Kahvalt\u0131 ve tatl\u0131 bar men\u00fcm\u00fcz\u00fc geni\u015flettik. Mordo\u011fan\u2019\u0131n efsane serpme kahvalt\u0131s\u0131 bu y\u0131llarda do\u011fdu.<\/p><\/div><div class=\"sr-story-year\"><span class=\"sr-story-year__badge\">2015<\/span><p>Mekan\u0131m\u0131z\u0131 tamamen yeniledik. Modern ve ferah bir tasar\u0131mla deniz manzaras\u0131n\u0131 sofraya ta\u015f\u0131d\u0131k.<\/p><\/div><div class=\"sr-story-year\"><span class=\"sr-story-year__badge\">Bug\u00fcn<\/span><p>30 y\u0131l\u0131 a\u015fk\u0131n tecr\u00fcbe, ayn\u0131 tutku. Onlarca dondurma aromas\u0131, geni\u015f bir men\u00fc ve samimi bir hizmet anlay\u0131\u015f\u0131yla buraday\u0131z.<\/p><\/div><\/div>"}},{"type":"text","data":{"alignment":"center","content":"<div style=\"max-width:720px; margin:0 auto;\"><h2 style=\"text-align:center;\">Ne Sunuyoruz?<\/h2><div style=\"display:grid; grid-template-columns:repeat(auto-fit,minmax(200px,1fr)); gap:1.5rem; margin-top:2rem;\"><div style=\"text-align:center; padding:1.5rem; border-radius:1.25rem; background:#fff; border:1px solid rgb(196 54 110 \/ 0.06);\"><p style=\"font-size:2rem; margin:0 0 0.5rem;\">\ud83c\udf68<\/p><p style=\"font-weight:600; margin:0 0 0.35rem;\">Roma Dondurmalar\u0131<\/p><p style=\"font-size:0.9rem; color:var(--color-muted); margin:0;\">Klasik ve special aromalar, her g\u00fcn taze. 30+ \u00e7e\u015fit.<\/p><\/div><div style=\"text-align:center; padding:1.5rem; border-radius:1.25rem; background:#fff; border:1px solid rgb(196 54 110 \/ 0.06);\"><p style=\"font-size:2rem; margin:0 0 0.5rem;\">\u2600\ufe0f<\/p><p style=\"font-weight:600; margin:0 0 0.35rem;\">Serpme Kahvalt\u0131<\/p><p style=\"font-size:0.9rem; color:var(--color-muted); margin:0;\">Zengin peynir & zeytin se\u00e7kisi, deniz kenar\u0131nda huzur.<\/p><\/div><div style=\"text-align:center; padding:1.5rem; border-radius:1.25rem; background:#fff; border:1px solid rgb(196 54 110 \/ 0.06);\"><p style=\"font-size:2rem; margin:0 0 0.5rem;\">\ud83c\udf70<\/p><p style=\"font-weight:600; margin:0 0 0.35rem;\">Patisserie & Tatl\u0131lar<\/p><p style=\"font-size:0.9rem; color:var(--color-muted); margin:0;\">Waffle, dilim pasta, \u015ferbetli tatl\u0131lar ve milkshake.<\/p><\/div><div style=\"text-align:center; padding:1.5rem; border-radius:1.25rem; background:#fff; border:1px solid rgb(196 54 110 \/ 0.06);\"><p style=\"font-size:2rem; margin:0 0 0.5rem;\">\ud83c\udf54<\/p><p style=\"font-weight:600; margin:0 0 0.35rem;\">Ana Yemekler<\/p><p style=\"font-size:0.9rem; color:var(--color-muted); margin:0;\">Burger, makarna, salata ve aperatifler.<\/p><\/div><\/div><\/div>"}},{"type":"testimonials","data":{"heading":"Misafirlerimiz ne diyor?","eyebrow":"Yorumlar","items":[{"quote":"Dondurmalar harika, manzara e\u015fsiz. Her yaz mutlaka u\u011fruyoruz.","author_name":"Elif S.","author_title":"\u0130zmir"},{"quote":"Serpme kahvalt\u0131 ger\u00e7ekten doyurucu ve taze. Personel \u00e7ok ilgili.","author_name":"Can T.","author_title":"Mordo\u011fan"},{"quote":"Roma waffle ve special dondurma se\u00e7imi ile \u00e7ocuklar bay\u0131ld\u0131.","author_name":"P\u0131nar K.","author_title":"Ala\u00e7at\u0131"}]}},{"type":"cta_banner","data":{"heading":"Bizi ziyaret edin","subheading":"Mordo\u011fan sahilinde, Cumhuriyet Meydan\u0131 No:13. Her g\u00fcn 08:00 \u2013 24:00.","button_text":"\u0130leti\u015fim","button_url":"\/iletisim","background_color":"#c4366e"}}]', NULL, 'published', '0', '10', NULL, '2026-04-01 07:44:49', '2026-04-01 09:32:04', NULL);
INSERT INTO `pages` (`id`, `title`, `slug`, `meta_title`, `meta_description`, `og_title`, `og_description`, `og_image`, `blocks`, `schema_org`, `status`, `is_home`, `sort_order`, `parent_id`, `created_at`, `updated_at`, `deleted_at`) VALUES ('5', '{"tr":"Galeri","en":"Gallery"}', 'galeri', NULL, NULL, NULL, NULL, NULL, '[{"type":"hero","data":{"heading":"Galeri","subheading":"\u00d6zel lezzetlerimiz ve nezih mek\u00e2n\u0131m\u0131zdan en taze kareler.","alignment":"center","min_height":"40vh"}},{"type":"gallery","data":{"title":"Special Roma\u2019dan Kareler","layout":"masonry","columns":"3","images":["https:\/\/images.unsplash.com\/photo-1563805042-7684c019e1cb?auto=format&fit=crop&w=800&q=80","https:\/\/images.unsplash.com\/photo-1497534444932-c925b458314e?auto=format&fit=crop&w=800&q=80","https:\/\/images.unsplash.com\/photo-1504753793650-d4ad2b62020e?auto=format&fit=crop&w=800&q=80","https:\/\/images.unsplash.com\/photo-1517248135467-4c7edcad34c4?auto=format&fit=crop&w=800&q=80","https:\/\/images.unsplash.com\/photo-1551024506-0bccd828d307?auto=format&fit=crop&w=800&q=80","https:\/\/images.unsplash.com\/photo-1464306076886-debca5dce908?auto=format&fit=crop&w=800&q=80"]}}]', NULL, 'published', '0', '15', NULL, '2026-04-01 07:44:49', '2026-04-01 16:30:34', NULL);
INSERT INTO `pages` (`id`, `title`, `slug`, `meta_title`, `meta_description`, `og_title`, `og_description`, `og_image`, `blocks`, `schema_org`, `status`, `is_home`, `sort_order`, `parent_id`, `created_at`, `updated_at`, `deleted_at`) VALUES ('6', '{"tr":"İletişim","en":"Contact"}', 'iletisim', NULL, NULL, NULL, NULL, NULL, '[{"type":"hero","data":{"heading":"Bize Ula\u015f\u0131n","subheading":"Sorular\u0131n\u0131z, \u00f6nerileriniz veya bilgi almak i\u00e7in her zaman buraday\u0131z.","alignment":"center","min_height":"40vh"}},{"type":"contact_form","data":{"heading":"\u0130leti\u015fim Formu","subtitle":"Merak etti\u011finiz her \u015fey i\u00e7in bize bir mesaj b\u0131rak\u0131n.","form_key":"contact","show_map":true,"background":"alt"}}]', NULL, 'published', '0', '20', NULL, '2026-04-01 07:44:49', '2026-04-01 16:30:34', NULL);
INSERT INTO `pages` (`id`, `title`, `slug`, `meta_title`, `meta_description`, `og_title`, `og_description`, `og_image`, `blocks`, `schema_org`, `status`, `is_home`, `sort_order`, `parent_id`, `created_at`, `updated_at`, `deleted_at`) VALUES ('7', '{"tr":"Menü","en":"Menu"}', 'menu', NULL, NULL, NULL, NULL, NULL, '[{"type":"hero","data":{"heading":"QR Men\u00fc","subheading":"G\u00fcncel fiyatlar ve t\u00fcm kategoriler telefonunuzda. Masan\u0131zda QR ile de a\u00e7abilirsiniz.","button_label":"Men\u00fcy\u00fc a\u00e7","button_url":"http:\/\/specialroma.test\/menu\/special-roma\/4","button2_label":"PDF men\u00fc (bas\u0131l\u0131)","button2_url":"\/roma-menu.pdf","alignment":"center","min_height":"55vh"}},{"type":"text","data":{"alignment":"center","content":"<p>T\u00fcm \u00fcr\u00fcnlerimizi a\u015fa\u011f\u0131daki interaktif men\u00fcden inceleyebilirsiniz. PDF men\u00fcm\u00fcz\u00fc indirmek i\u00e7in ikinci butonu kullan\u0131n.<\/p>"}},{"type":"cta_banner","data":{"heading":"Hemen inceleyin","subheading":"Kategoriler aras\u0131nda gezinin; fiyatlar \u20ba olarak g\u00fcncellenir.","button_text":"QR men\u00fcy\u00fc a\u00e7","button_url":"http:\/\/specialroma.test\/menu\/special-roma\/4","background_color":"#c4366e"}}]', NULL, 'published', '0', '5', NULL, '2026-04-01 08:26:17', '2026-04-01 09:32:04', NULL);

DROP TABLE IF EXISTS `menus`;
CREATE TABLE `menus` (`id` INT NOT NULL AUTO_INCREMENT PRIMARY KEY, `location` VARCHAR(255) not null, `label` text not null, `items` text, `created_at` datetime, `updated_at` datetime) ENGINE=InnoDB DEFAULT CHARSET=utf8mb4 COLLATE=utf8mb4_unicode_ci;

INSERT INTO `menus` (`id`, `location`, `label`, `items`, `created_at`, `updated_at`) VALUES ('1', 'primary', '{"tr":"Ana Menü","en":"Primary Menu"}', '[{"link_type":"page","page_slug":"\/","url":"\/","open_new_tab":false,"label":{"tr":"Ana Sayfa","en":null,"de":null,"fr":null}},{"link_type":"page","page_slug":"\/hakkimizda","url":"\/hakkimizda","open_new_tab":false,"label":{"tr":"Hakk\u0131m\u0131zda","en":null,"de":null,"fr":null}},{"link_type":"page","page_slug":"\/galeri","url":"\/galeri","open_new_tab":false,"label":{"tr":"Galeri","en":null,"de":null,"fr":null}},{"link_type":"url","url":"http:\/\/specialroma.test\/menu\/special-roma\/4","open_new_tab":false,"label":{"tr":"Men\u00fc","en":null,"de":null,"fr":null}},{"link_type":"page","page_slug":"\/iletisim","url":"\/iletisim","open_new_tab":false,"label":{"tr":"\u0130leti\u015fim","en":null,"de":null,"fr":null}}]', '2026-04-01 06:52:20', '2026-04-02 17:05:48');
INSERT INTO `menus` (`id`, `location`, `label`, `items`, `created_at`, `updated_at`) VALUES ('2', 'footer', '{"tr":"Alt Menü","en":"Footer Menu"}', '[{"link_type":"page","page_slug":"\/","url":"\/","open_new_tab":false,"label":{"tr":"Ana Sayfa"}},{"link_type":"url","page_slug":null,"url":"http:\/\/specialroma.test\/menu\/special-roma\/4","open_new_tab":false,"label":{"tr":"Men\u00fc"}},{"link_type":"page","page_slug":"\/hakkimizda","url":"\/hakkimizda","open_new_tab":false,"label":{"tr":"Hakk\u0131m\u0131zda"}},{"link_type":"page","page_slug":"\/galeri","url":"\/galeri","open_new_tab":false,"label":{"tr":"Galeri"}},{"link_type":"page","page_slug":"\/iletisim","url":"\/iletisim","open_new_tab":false,"label":{"tr":"\u0130leti\u015fim"}}]', '2026-04-01 06:52:20', '2026-04-01 16:30:34');

DROP TABLE IF EXISTS `layouts`;
CREATE TABLE `layouts` (`id` INT NOT NULL AUTO_INCREMENT PRIMARY KEY, `type` VARCHAR(255) check (`type` in ('header', 'footer')) not null, `rows` text, `is_active` tinyint(1) not null default '1', `created_at` datetime, `updated_at` datetime) ENGINE=InnoDB DEFAULT CHARSET=utf8mb4 COLLATE=utf8mb4_unicode_ci;

INSERT INTO `layouts` (`id`, `type`, `rows`, `is_active`, `created_at`, `updated_at`) VALUES ('1', 'header', '[{"type":"logo","data":{"alt":"Special Roma","width":160,"image":null}},{"type":"navigation","data":{"menu_location":"primary","style":"horizontal"}}]', '1', '2026-04-01 06:52:20', '2026-04-01 18:00:43');
INSERT INTO `layouts` (`id`, `type`, `rows`, `is_active`, `created_at`, `updated_at`) VALUES ('2', 'footer', '[{"type":"text_block","data":{"content":"Special Roma Cafe & Dondurma \u2014 1995\u2019ten beri Mordo\u011fan\u2019da.","alignment":"center"}},{"type":"navigation","data":{"menu_location":"footer","style":"vertical"}},{"type":"text_block","data":{"content":"\u00a9 2026 Special Roma. T\u00fcm haklar\u0131 sakl\u0131d\u0131r.","alignment":"center"}}]', '1', '2026-04-01 06:52:20', '2026-04-01 07:44:49');

DROP TABLE IF EXISTS `form_submissions`;
CREATE TABLE `form_submissions` (`id` INT NOT NULL AUTO_INCREMENT PRIMARY KEY, `form_key` VARCHAR(255) not null, `data` text not null, `ip_address` VARCHAR(255), `user_agent` VARCHAR(255), `read_at` datetime, `created_at` datetime, `updated_at` datetime) ENGINE=InnoDB DEFAULT CHARSET=utf8mb4 COLLATE=utf8mb4_unicode_ci;


DROP TABLE IF EXISTS `qr_menu_restaurants`;
CREATE TABLE `qr_menu_restaurants` (`id` INT NOT NULL AUTO_INCREMENT PRIMARY KEY, `name` text not null, `description` text, `slug` VARCHAR(255) not null, `logo` VARCHAR(255), `working_hours` text, `currency` VARCHAR(255) not null default 'TRY', `primary_color` VARCHAR(255) not null default '#1a1a2e', `is_active` tinyint(1) not null default '1', `created_at` datetime, `updated_at` datetime) ENGINE=InnoDB DEFAULT CHARSET=utf8mb4 COLLATE=utf8mb4_unicode_ci;

INSERT INTO `qr_menu_restaurants` (`id`, `name`, `description`, `slug`, `logo`, `working_hours`, `currency`, `primary_color`, `is_active`, `created_at`, `updated_at`) VALUES ('1', '{"tr":"Restoranım","en":"My Restaurant"}', '{"tr":"Lezzetli yemekler için doğru adres.","en":"The right place for delicious food."}', 'my-restaurant', NULL, NULL, 'TRY', '#1a1a2e', '0', '2026-04-01 06:52:21', '2026-04-01 16:30:34');
INSERT INTO `qr_menu_restaurants` (`id`, `name`, `description`, `slug`, `logo`, `working_hours`, `currency`, `primary_color`, `is_active`, `created_at`, `updated_at`) VALUES ('2', '{"tr":"Special Roma Cafe & Dondurma","en":"Special Roma Cafe & Gelato"}', '{"tr":"Mordoğan sahilinde dondurma, kahvaltı ve tatlı.","en":"Ice cream, breakfast & desserts by the sea in Mordoğan."}', 'special-roma', NULL, NULL, 'TRY', '#c4366e', '1', '2026-04-01 07:44:49', '2026-04-01 09:32:04');

DROP TABLE IF EXISTS `qr_menu_tables`;
CREATE TABLE `qr_menu_tables` (`id` INT NOT NULL AUTO_INCREMENT PRIMARY KEY, `restaurant_id` integer not null, `name` VARCHAR(255) not null, `qr_code_url` VARCHAR(255), `qr_code_path` VARCHAR(255), `is_active` tinyint(1) not null default '1', `created_at` datetime, `updated_at` datetime, foreign key(`restaurant_id`) references `qr_menu_restaurants`(`id`) on delete cascade) ENGINE=InnoDB DEFAULT CHARSET=utf8mb4 COLLATE=utf8mb4_unicode_ci;

INSERT INTO `qr_menu_tables` (`id`, `restaurant_id`, `name`, `qr_code_url`, `qr_code_path`, `is_active`, `created_at`, `updated_at`) VALUES ('1', '1', 'Table 1', NULL, NULL, '1', '2026-04-01 06:52:21', '2026-04-01 06:52:21');
INSERT INTO `qr_menu_tables` (`id`, `restaurant_id`, `name`, `qr_code_url`, `qr_code_path`, `is_active`, `created_at`, `updated_at`) VALUES ('2', '1', 'Table 2', NULL, NULL, '1', '2026-04-01 06:52:21', '2026-04-01 06:52:21');
INSERT INTO `qr_menu_tables` (`id`, `restaurant_id`, `name`, `qr_code_url`, `qr_code_path`, `is_active`, `created_at`, `updated_at`) VALUES ('3', '1', 'Table 3', NULL, NULL, '1', '2026-04-01 06:52:21', '2026-04-01 06:52:21');
INSERT INTO `qr_menu_tables` (`id`, `restaurant_id`, `name`, `qr_code_url`, `qr_code_path`, `is_active`, `created_at`, `updated_at`) VALUES ('4', '2', 'Salon 1', NULL, NULL, '1', '2026-04-01 07:44:49', '2026-04-01 07:44:49');

DROP TABLE IF EXISTS `qr_menu_categories`;
CREATE TABLE `qr_menu_categories` (`id` INT NOT NULL AUTO_INCREMENT PRIMARY KEY, `restaurant_id` integer not null, `name` text not null, `description` text, `image` VARCHAR(255), `sort_order` integer not null default '0', `is_active` tinyint(1) not null default '1', `created_at` datetime, `updated_at` datetime, foreign key(`restaurant_id`) references `qr_menu_restaurants`(`id`) on delete cascade) ENGINE=InnoDB DEFAULT CHARSET=utf8mb4 COLLATE=utf8mb4_unicode_ci;

INSERT INTO `qr_menu_categories` (`id`, `restaurant_id`, `name`, `description`, `image`, `sort_order`, `is_active`, `created_at`, `updated_at`) VALUES ('1', '1', '{"tr":"Ana Yemekler","en":"Main Dishes"}', '{"tr":"Günün özel yemekleri","en":"Daily specials"}', NULL, '0', '1', '2026-04-01 06:52:21', '2026-04-01 06:52:21');
INSERT INTO `qr_menu_categories` (`id`, `restaurant_id`, `name`, `description`, `image`, `sort_order`, `is_active`, `created_at`, `updated_at`) VALUES ('138', '2', '{"tr":"Serpme Kahvaltı & Kahvaltı Çeşitleri","en":"Serpme Kahvaltı & Kahvaltı Çeşitleri"}', '{"tr":"Mordoğan’ın en keyifli kahvaltı sofralarından.","en":"Mordoğan’ın en keyifli kahvaltı sofralarından."}', NULL, '0', '1', '2026-04-01 16:30:34', '2026-04-01 16:30:34');
INSERT INTO `qr_menu_categories` (`id`, `restaurant_id`, `name`, `description`, `image`, `sort_order`, `is_active`, `created_at`, `updated_at`) VALUES ('139', '2', '{"tr":"Börek & Omlet Çeşitleri","en":"Börek & Omlet Çeşitleri"}', '{"tr":null}', NULL, '1', '1', '2026-04-01 16:30:34', '2026-04-01 16:30:34');
INSERT INTO `qr_menu_categories` (`id`, `restaurant_id`, `name`, `description`, `image`, `sort_order`, `is_active`, `created_at`, `updated_at`) VALUES ('140', '2', '{"tr":"Makarnalar","en":"Makarnalar"}', '{"tr":null}', NULL, '2', '1', '2026-04-01 16:30:34', '2026-04-01 16:30:34');
INSERT INTO `qr_menu_categories` (`id`, `restaurant_id`, `name`, `description`, `image`, `sort_order`, `is_active`, `created_at`, `updated_at`) VALUES ('141', '2', '{"tr":"Aperatifler","en":"Aperatifler"}', '{"tr":null}', NULL, '3', '1', '2026-04-01 16:30:34', '2026-04-01 16:30:34');
INSERT INTO `qr_menu_categories` (`id`, `restaurant_id`, `name`, `description`, `image`, `sort_order`, `is_active`, `created_at`, `updated_at`) VALUES ('142', '2', '{"tr":"Burgerler & Burger Menüler","en":"Burgerler & Burger Menüler"}', '{"tr":"Etler 120–240 gr; menülerde patates ve içecek dahildir.","en":"Etler 120–240 gr; menülerde patates ve içecek dahildir."}', NULL, '4', '1', '2026-04-01 16:30:34', '2026-04-01 16:30:34');
INSERT INTO `qr_menu_categories` (`id`, `restaurant_id`, `name`, `description`, `image`, `sort_order`, `is_active`, `created_at`, `updated_at`) VALUES ('143', '2', '{"tr":"Ana Yemekler","en":"Ana Yemekler"}', '{"tr":null}', NULL, '5', '1', '2026-04-01 16:30:34', '2026-04-01 16:30:34');
INSERT INTO `qr_menu_categories` (`id`, `restaurant_id`, `name`, `description`, `image`, `sort_order`, `is_active`, `created_at`, `updated_at`) VALUES ('144', '2', '{"tr":"Salatalar","en":"Salatalar"}', '{"tr":null}', NULL, '6', '1', '2026-04-01 16:30:34', '2026-04-01 16:30:34');
INSERT INTO `qr_menu_categories` (`id`, `restaurant_id`, `name`, `description`, `image`, `sort_order`, `is_active`, `created_at`, `updated_at`) VALUES ('145', '2', '{"tr":"Klasik Dondurmalar","en":"Klasik Dondurmalar"}', '{"tr":"Top: 65 ₺ | Kilo: 950 ₺ (self servis)","en":"Top: 65 ₺ | Kilo: 950 ₺ (self servis)"}', NULL, '7', '1', '2026-04-01 16:30:34', '2026-04-01 16:30:34');
INSERT INTO `qr_menu_categories` (`id`, `restaurant_id`, `name`, `description`, `image`, `sort_order`, `is_active`, `created_at`, `updated_at`) VALUES ('146', '2', '{"tr":"Special Dondurmalar","en":"Special Dondurmalar"}', '{"tr":"Top: 65 ₺ | Kilo: 950 ₺ (self servis)","en":"Top: 65 ₺ | Kilo: 950 ₺ (self servis)"}', NULL, '8', '1', '2026-04-01 16:30:34', '2026-04-01 16:30:34');
INSERT INTO `qr_menu_categories` (`id`, `restaurant_id`, `name`, `description`, `image`, `sort_order`, `is_active`, `created_at`, `updated_at`) VALUES ('147', '2', '{"tr":"Dondurmalı Tatlılar & Milkshake","en":"Dondurmalı Tatlılar & Milkshake"}', '{"tr":null}', NULL, '9', '1', '2026-04-01 16:30:34', '2026-04-01 16:30:34');
INSERT INTO `qr_menu_categories` (`id`, `restaurant_id`, `name`, `description`, `image`, `sort_order`, `is_active`, `created_at`, `updated_at`) VALUES ('148', '2', '{"tr":"Dilim Pastalar","en":"Dilim Pastalar"}', '{"tr":null}', NULL, '10', '1', '2026-04-01 16:30:34', '2026-04-01 16:30:34');
INSERT INTO `qr_menu_categories` (`id`, `restaurant_id`, `name`, `description`, `image`, `sort_order`, `is_active`, `created_at`, `updated_at`) VALUES ('149', '2', '{"tr":"Waffle (Roma Waffle + Kendin Yap)","en":"Waffle (Roma Waffle + Kendin Yap)"}', '{"tr":"İstediğiniz malzemeyi seçin, biz hazırlayalım.","en":"İstediğiniz malzemeyi seçin, biz hazırlayalım."}', NULL, '11', '1', '2026-04-01 16:30:34', '2026-04-01 16:30:34');
INSERT INTO `qr_menu_categories` (`id`, `restaurant_id`, `name`, `description`, `image`, `sort_order`, `is_active`, `created_at`, `updated_at`) VALUES ('150', '2', '{"tr":"Şerbetli Tatlılar","en":"Şerbetli Tatlılar"}', '{"tr":null}', NULL, '12', '1', '2026-04-01 16:30:34', '2026-04-01 16:30:34');
INSERT INTO `qr_menu_categories` (`id`, `restaurant_id`, `name`, `description`, `image`, `sort_order`, `is_active`, `created_at`, `updated_at`) VALUES ('151', '2', '{"tr":"Sütlü Tatlılar","en":"Sütlü Tatlılar"}', '{"tr":null}', NULL, '13', '1', '2026-04-01 16:30:34', '2026-04-01 16:30:34');
INSERT INTO `qr_menu_categories` (`id`, `restaurant_id`, `name`, `description`, `image`, `sort_order`, `is_active`, `created_at`, `updated_at`) VALUES ('152', '2', '{"tr":"Frozen, Smoothie & Mocktail","en":"Frozen, Smoothie & Mocktail"}', '{"tr":null}', NULL, '14', '1', '2026-04-01 16:30:34', '2026-04-01 16:30:34');
INSERT INTO `qr_menu_categories` (`id`, `restaurant_id`, `name`, `description`, `image`, `sort_order`, `is_active`, `created_at`, `updated_at`) VALUES ('153', '2', '{"tr":"Soğuk İçecekler","en":"Soğuk İçecekler"}', '{"tr":"Soğuk kahveler, İtalyan soda ve meşrubatlar.","en":"Soğuk kahveler, İtalyan soda ve meşrubatlar."}', NULL, '15', '1', '2026-04-01 16:30:34', '2026-04-01 16:30:34');
INSERT INTO `qr_menu_categories` (`id`, `restaurant_id`, `name`, `description`, `image`, `sort_order`, `is_active`, `created_at`, `updated_at`) VALUES ('154', '2', '{"tr":"Sıcak İçecekler & Kahveler","en":"Sıcak İçecekler & Kahveler"}', '{"tr":null}', NULL, '16', '1', '2026-04-01 16:30:34', '2026-04-01 16:30:34');

DROP TABLE IF EXISTS `qr_menu_items`;
CREATE TABLE `qr_menu_items` (`id` INT NOT NULL AUTO_INCREMENT PRIMARY KEY, `category_id` integer not null, `restaurant_id` integer not null, `name` text not null, `description` text, `price` numeric not null default '0', `image` VARCHAR(255), `allergens` text, `badges` text, `is_featured` TINYINT(1) NOT NULL DEFAULT 0, `is_available` tinyint(1) not null default '1', `sort_order` integer not null default '0', `created_at` datetime, `updated_at` datetime, foreign key(`category_id`) references `qr_menu_categories`(`id`) on delete cascade, foreign key(`restaurant_id`) references `qr_menu_restaurants`(`id`) on delete cascade) ENGINE=InnoDB DEFAULT CHARSET=utf8mb4 COLLATE=utf8mb4_unicode_ci;

INSERT INTO `qr_menu_items` (`id`, `category_id`, `restaurant_id`, `name`, `description`, `price`, `image`, `allergens`, `badges`, `is_featured`, `is_available`, `sort_order`, `created_at`, `updated_at`) VALUES ('2', '1', '1', '{"tr":"Vegetable Stir Fry","en":"Vegetable Stir Fry"}', NULL, '140', NULL, NULL, NULL, '0', '1', '1', '2026-04-01 06:52:21', '2026-04-01 06:52:21');
INSERT INTO `qr_menu_items` (`id`, `category_id`, `restaurant_id`, `name`, `description`, `price`, `image`, `allergens`, `badges`, `is_featured`, `is_available`, `sort_order`, `created_at`, `updated_at`) VALUES ('1619', '138', '2', '{"tr":"Serpme Kahvaltı","en":"Serpme Kahvaltı"}', '{"tr":"Peynir, zeytin, domates, salatalık, bal-kaymak, reçel, tahin-pekmez, patates kızartması, haşlanmış yumurta, söğüş ve daha fazlası.","en":"Peynir, zeytin, domates, salatalık, bal-kaymak, reçel, tahin-pekmez, patates kızartması, haşlanmış yumurta, söğüş ve daha fazlası."}', '650', NULL, '[]', '[]', '1', '1', '0', '2026-04-01 16:30:34', '2026-04-02 15:37:26');
INSERT INTO `qr_menu_items` (`id`, `category_id`, `restaurant_id`, `name`, `description`, `price`, `image`, `allergens`, `badges`, `is_featured`, `is_available`, `sort_order`, `created_at`, `updated_at`) VALUES ('1620', '138', '2', '{"tr":"Hızlı Kahvaltı","en":"Hızlı Kahvaltı"}', '{"tr":"Peynir, söğüş, reçel, zeytin, gevrek, haşlanmış yumurta, çay.","en":"Peynir, söğüş, reçel, zeytin, gevrek, haşlanmış yumurta, çay."}', '360', NULL, '[]', '[]', '0', '1', '1', '2026-04-01 16:30:34', '2026-04-02 16:09:47');
INSERT INTO `qr_menu_items` (`id`, `category_id`, `restaurant_id`, `name`, `description`, `price`, `image`, `allergens`, `badges`, `is_featured`, `is_available`, `sort_order`, `created_at`, `updated_at`) VALUES ('1621', '139', '2', '{"tr":"Kıymalı Börek","en":"Kıymalı Börek"}', '{"tr":null}', '110', NULL, '[]', '[]', '0', '1', '0', '2026-04-01 16:30:34', '2026-04-02 16:07:56');
INSERT INTO `qr_menu_items` (`id`, `category_id`, `restaurant_id`, `name`, `description`, `price`, `image`, `allergens`, `badges`, `is_featured`, `is_available`, `sort_order`, `created_at`, `updated_at`) VALUES ('1622', '139', '2', '{"tr":"Peynirli Börek","en":"Peynirli Börek"}', '{"tr":null}', '110', NULL, '[]', '[]', '1', '1', '1', '2026-04-01 16:30:34', '2026-04-02 16:08:29');
INSERT INTO `qr_menu_items` (`id`, `category_id`, `restaurant_id`, `name`, `description`, `price`, `image`, `allergens`, `badges`, `is_featured`, `is_available`, `sort_order`, `created_at`, `updated_at`) VALUES ('1623', '139', '2', '{"tr":"Ispanaklı Börek","en":"Ispanaklı Börek"}', '{"tr":null}', '110', NULL, NULL, NULL, '0', '1', '2', '2026-04-01 16:30:34', '2026-04-01 16:30:34');
INSERT INTO `qr_menu_items` (`id`, `category_id`, `restaurant_id`, `name`, `description`, `price`, `image`, `allergens`, `badges`, `is_featured`, `is_available`, `sort_order`, `created_at`, `updated_at`) VALUES ('1624', '139', '2', '{"tr":"Açma","en":"Açma"}', '{"tr":null}', '30', NULL, NULL, NULL, '0', '1', '3', '2026-04-01 16:30:34', '2026-04-01 16:30:34');
INSERT INTO `qr_menu_items` (`id`, `category_id`, `restaurant_id`, `name`, `description`, `price`, `image`, `allergens`, `badges`, `is_featured`, `is_available`, `sort_order`, `created_at`, `updated_at`) VALUES ('1625', '139', '2', '{"tr":"Gevrek","en":"Gevrek"}', '{"tr":null}', '20', NULL, NULL, NULL, '0', '1', '4', '2026-04-01 16:30:34', '2026-04-01 16:30:34');
INSERT INTO `qr_menu_items` (`id`, `category_id`, `restaurant_id`, `name`, `description`, `price`, `image`, `allergens`, `badges`, `is_featured`, `is_available`, `sort_order`, `created_at`, `updated_at`) VALUES ('1626', '139', '2', '{"tr":"Poğaça","en":"Poğaça"}', '{"tr":null}', '25', NULL, NULL, NULL, '0', '1', '5', '2026-04-01 16:30:34', '2026-04-01 16:30:34');
INSERT INTO `qr_menu_items` (`id`, `category_id`, `restaurant_id`, `name`, `description`, `price`, `image`, `allergens`, `badges`, `is_featured`, `is_available`, `sort_order`, `created_at`, `updated_at`) VALUES ('1627', '139', '2', '{"tr":"Sade Omlet","en":"Sade Omlet"}', '{"tr":null}', '170', NULL, NULL, NULL, '0', '1', '6', '2026-04-01 16:30:34', '2026-04-01 16:30:34');
INSERT INTO `qr_menu_items` (`id`, `category_id`, `restaurant_id`, `name`, `description`, `price`, `image`, `allergens`, `badges`, `is_featured`, `is_available`, `sort_order`, `created_at`, `updated_at`) VALUES ('1628', '139', '2', '{"tr":"Sucuklu Omlet","en":"Sucuklu Omlet"}', '{"tr":null}', '215', NULL, NULL, NULL, '0', '1', '7', '2026-04-01 16:30:34', '2026-04-01 16:30:34');
INSERT INTO `qr_menu_items` (`id`, `category_id`, `restaurant_id`, `name`, `description`, `price`, `image`, `allergens`, `badges`, `is_featured`, `is_available`, `sort_order`, `created_at`, `updated_at`) VALUES ('1629', '139', '2', '{"tr":"Kaşarlı Omlet","en":"Kaşarlı Omlet"}', '{"tr":null}', '200', NULL, NULL, NULL, '0', '1', '8', '2026-04-01 16:30:34', '2026-04-01 16:30:34');
INSERT INTO `qr_menu_items` (`id`, `category_id`, `restaurant_id`, `name`, `description`, `price`, `image`, `allergens`, `badges`, `is_featured`, `is_available`, `sort_order`, `created_at`, `updated_at`) VALUES ('1630', '139', '2', '{"tr":"Maydanozlu Omlet","en":"Maydanozlu Omlet"}', '{"tr":null}', '170', NULL, NULL, NULL, '0', '1', '9', '2026-04-01 16:30:34', '2026-04-01 16:30:34');
INSERT INTO `qr_menu_items` (`id`, `category_id`, `restaurant_id`, `name`, `description`, `price`, `image`, `allergens`, `badges`, `is_featured`, `is_available`, `sort_order`, `created_at`, `updated_at`) VALUES ('1631', '139', '2', '{"tr":"Sucuklu Yumurta","en":"Sucuklu Yumurta"}', '{"tr":null}', '215', NULL, NULL, NULL, '0', '1', '10', '2026-04-01 16:30:34', '2026-04-01 16:30:34');
INSERT INTO `qr_menu_items` (`id`, `category_id`, `restaurant_id`, `name`, `description`, `price`, `image`, `allergens`, `badges`, `is_featured`, `is_available`, `sort_order`, `created_at`, `updated_at`) VALUES ('1632', '139', '2', '{"tr":"Beyaz Peynirli Yumurta","en":"Beyaz Peynirli Yumurta"}', '{"tr":null}', '180', NULL, NULL, NULL, '0', '1', '11', '2026-04-01 16:30:34', '2026-04-01 16:30:34');
INSERT INTO `qr_menu_items` (`id`, `category_id`, `restaurant_id`, `name`, `description`, `price`, `image`, `allergens`, `badges`, `is_featured`, `is_available`, `sort_order`, `created_at`, `updated_at`) VALUES ('1633', '139', '2', '{"tr":"Sucuk","en":"Sucuk"}', '{"tr":null}', '180', NULL, NULL, NULL, '0', '1', '12', '2026-04-01 16:30:34', '2026-04-01 16:30:34');
INSERT INTO `qr_menu_items` (`id`, `category_id`, `restaurant_id`, `name`, `description`, `price`, `image`, `allergens`, `badges`, `is_featured`, `is_available`, `sort_order`, `created_at`, `updated_at`) VALUES ('1634', '139', '2', '{"tr":"Menemen","en":"Menemen"}', '{"tr":null}', '180', NULL, NULL, NULL, '0', '1', '13', '2026-04-01 16:30:34', '2026-04-01 16:30:34');
INSERT INTO `qr_menu_items` (`id`, `category_id`, `restaurant_id`, `name`, `description`, `price`, `image`, `allergens`, `badges`, `is_featured`, `is_available`, `sort_order`, `created_at`, `updated_at`) VALUES ('1635', '139', '2', '{"tr":"Sucuklu Menemen","en":"Sucuklu Menemen"}', '{"tr":null}', '230', NULL, NULL, NULL, '0', '1', '14', '2026-04-01 16:30:34', '2026-04-01 16:30:34');
INSERT INTO `qr_menu_items` (`id`, `category_id`, `restaurant_id`, `name`, `description`, `price`, `image`, `allergens`, `badges`, `is_featured`, `is_available`, `sort_order`, `created_at`, `updated_at`) VALUES ('1636', '140', '2', '{"tr":"Penne Mexicana","en":"Penne Mexicana"}', '{"tr":"Acı sos, renkli biberler, mısır, zeytin, tavuk, sweet chili, jalapeno.","en":"Acı sos, renkli biberler, mısır, zeytin, tavuk, sweet chili, jalapeno."}', '250', NULL, NULL, NULL, '0', '1', '0', '2026-04-01 16:30:34', '2026-04-01 16:30:34');
INSERT INTO `qr_menu_items` (`id`, `category_id`, `restaurant_id`, `name`, `description`, `price`, `image`, `allergens`, `badges`, `is_featured`, `is_available`, `sort_order`, `created_at`, `updated_at`) VALUES ('1637', '141', '2', '{"tr":"Cheddar Soslu Patates Tava","en":"Cheddar Soslu Patates Tava"}', '{"tr":null}', '250', NULL, NULL, NULL, '0', '1', '0', '2026-04-01 16:30:34', '2026-04-01 16:30:34');
INSERT INTO `qr_menu_items` (`id`, `category_id`, `restaurant_id`, `name`, `description`, `price`, `image`, `allergens`, `badges`, `is_featured`, `is_available`, `sort_order`, `created_at`, `updated_at`) VALUES ('1638', '141', '2', '{"tr":"Çıtır Tavuk","en":"Çıtır Tavuk"}', '{"tr":null}', '285', NULL, NULL, NULL, '0', '1', '1', '2026-04-01 16:30:34', '2026-04-01 16:30:34');
INSERT INTO `qr_menu_items` (`id`, `category_id`, `restaurant_id`, `name`, `description`, `price`, `image`, `allergens`, `badges`, `is_featured`, `is_available`, `sort_order`, `created_at`, `updated_at`) VALUES ('1639', '141', '2', '{"tr":"Cajun Baharatlı Patates Tava","en":"Cajun Baharatlı Patates Tava"}', '{"tr":null}', '200', NULL, NULL, NULL, '0', '1', '2', '2026-04-01 16:30:34', '2026-04-01 16:30:34');
INSERT INTO `qr_menu_items` (`id`, `category_id`, `restaurant_id`, `name`, `description`, `price`, `image`, `allergens`, `badges`, `is_featured`, `is_available`, `sort_order`, `created_at`, `updated_at`) VALUES ('1640', '141', '2', '{"tr":"Çıtır Dürüm Tavuk","en":"Çıtır Dürüm Tavuk"}', '{"tr":null}', '220', NULL, NULL, NULL, '0', '1', '3', '2026-04-01 16:30:34', '2026-04-01 16:30:34');
INSERT INTO `qr_menu_items` (`id`, `category_id`, `restaurant_id`, `name`, `description`, `price`, `image`, `allergens`, `badges`, `is_featured`, `is_available`, `sort_order`, `created_at`, `updated_at`) VALUES ('1641', '141', '2', '{"tr":"Çıtır Dürüm Et","en":"Çıtır Dürüm Et"}', '{"tr":null}', '400', NULL, NULL, NULL, '0', '1', '4', '2026-04-01 16:30:34', '2026-04-01 16:30:34');
INSERT INTO `qr_menu_items` (`id`, `category_id`, `restaurant_id`, `name`, `description`, `price`, `image`, `allergens`, `badges`, `is_featured`, `is_available`, `sort_order`, `created_at`, `updated_at`) VALUES ('1642', '141', '2', '{"tr":"Çıtır Sepeti","en":"Çıtır Sepeti"}', '{"tr":null}', '290', NULL, NULL, NULL, '0', '1', '5', '2026-04-01 16:30:34', '2026-04-01 16:30:34');
INSERT INTO `qr_menu_items` (`id`, `category_id`, `restaurant_id`, `name`, `description`, `price`, `image`, `allergens`, `badges`, `is_featured`, `is_available`, `sort_order`, `created_at`, `updated_at`) VALUES ('1643', '141', '2', '{"tr":"Patates","en":"Patates"}', '{"tr":null}', '170', NULL, NULL, NULL, '0', '1', '6', '2026-04-01 16:30:34', '2026-04-01 16:30:34');
INSERT INTO `qr_menu_items` (`id`, `category_id`, `restaurant_id`, `name`, `description`, `price`, `image`, `allergens`, `badges`, `is_featured`, `is_available`, `sort_order`, `created_at`, `updated_at`) VALUES ('1644', '141', '2', '{"tr":"Kalem Böreği","en":"Kalem Böreği"}', '{"tr":null}', '170', NULL, NULL, NULL, '0', '1', '7', '2026-04-01 16:30:34', '2026-04-01 16:30:34');
INSERT INTO `qr_menu_items` (`id`, `category_id`, `restaurant_id`, `name`, `description`, `price`, `image`, `allergens`, `badges`, `is_featured`, `is_available`, `sort_order`, `created_at`, `updated_at`) VALUES ('1645', '141', '2', '{"tr":"Kare Kaşarlı Tost","en":"Kare Kaşarlı Tost"}', '{"tr":null}', '170', NULL, NULL, NULL, '0', '1', '8', '2026-04-01 16:30:34', '2026-04-01 16:30:34');
INSERT INTO `qr_menu_items` (`id`, `category_id`, `restaurant_id`, `name`, `description`, `price`, `image`, `allergens`, `badges`, `is_featured`, `is_available`, `sort_order`, `created_at`, `updated_at`) VALUES ('1646', '141', '2', '{"tr":"Kare Sucuk-Kaşarlı Tost","en":"Kare Sucuk-Kaşarlı Tost"}', '{"tr":null}', '200', NULL, NULL, NULL, '0', '1', '9', '2026-04-01 16:30:34', '2026-04-01 16:30:34');
INSERT INTO `qr_menu_items` (`id`, `category_id`, `restaurant_id`, `name`, `description`, `price`, `image`, `allergens`, `badges`, `is_featured`, `is_available`, `sort_order`, `created_at`, `updated_at`) VALUES ('1647', '142', '2', '{"tr":"Roma Burger","en":"Roma Burger"}', '{"tr":"240 gr hamburger eti, dana bacon, füme et, karamelize soğan, house sos, marul, turşu, domates.","en":"240 gr hamburger eti, dana bacon, füme et, karamelize soğan, house sos, marul, turşu, domates."}', '395', NULL, NULL, NULL, '0', '1', '0', '2026-04-01 16:30:34', '2026-04-01 16:30:34');
INSERT INTO `qr_menu_items` (`id`, `category_id`, `restaurant_id`, `name`, `description`, `price`, `image`, `allergens`, `badges`, `is_featured`, `is_available`, `sort_order`, `created_at`, `updated_at`) VALUES ('1648', '142', '2', '{"tr":"Hamburger","en":"Hamburger"}', '{"tr":"120 gr hamburger eti, marul, turşu, domates.","en":"120 gr hamburger eti, marul, turşu, domates."}', '395', NULL, NULL, NULL, '0', '1', '1', '2026-04-01 16:30:34', '2026-04-01 16:30:34');
INSERT INTO `qr_menu_items` (`id`, `category_id`, `restaurant_id`, `name`, `description`, `price`, `image`, `allergens`, `badges`, `is_featured`, `is_available`, `sort_order`, `created_at`, `updated_at`) VALUES ('1649', '142', '2', '{"tr":"Cheese Burger","en":"Cheese Burger"}', '{"tr":"120 gr hamburger eti, cheddar, marul, turşu, domates.","en":"120 gr hamburger eti, cheddar, marul, turşu, domates."}', '345', NULL, NULL, NULL, '0', '1', '2', '2026-04-01 16:30:34', '2026-04-01 16:30:34');
INSERT INTO `qr_menu_items` (`id`, `category_id`, `restaurant_id`, `name`, `description`, `price`, `image`, `allergens`, `badges`, `is_featured`, `is_available`, `sort_order`, `created_at`, `updated_at`) VALUES ('1650', '142', '2', '{"tr":"Chicken Burger","en":"Chicken Burger"}', '{"tr":"120 gr tavuk burger eti, marul, turşu, domates.","en":"120 gr tavuk burger eti, marul, turşu, domates."}', '290', NULL, NULL, NULL, '0', '1', '3', '2026-04-01 16:30:34', '2026-04-01 16:30:34');
INSERT INTO `qr_menu_items` (`id`, `category_id`, `restaurant_id`, `name`, `description`, `price`, `image`, `allergens`, `badges`, `is_featured`, `is_available`, `sort_order`, `created_at`, `updated_at`) VALUES ('1651', '142', '2', '{"tr":"Double Burger","en":"Double Burger"}', '{"tr":"İki adet 120 gr hamburger eti, marul, turşu, domates.","en":"İki adet 120 gr hamburger eti, marul, turşu, domates."}', '380', NULL, NULL, NULL, '0', '1', '4', '2026-04-01 16:30:34', '2026-04-01 16:30:34');
INSERT INTO `qr_menu_items` (`id`, `category_id`, `restaurant_id`, `name`, `description`, `price`, `image`, `allergens`, `badges`, `is_featured`, `is_available`, `sort_order`, `created_at`, `updated_at`) VALUES ('1652', '142', '2', '{"tr":"Roma Burger Menü","en":"Roma Burger Menü"}', '{"tr":"Roma Burger + patates + içecek.","en":"Roma Burger + patates + içecek."}', '450', NULL, NULL, NULL, '0', '1', '5', '2026-04-01 16:30:34', '2026-04-01 16:30:34');
INSERT INTO `qr_menu_items` (`id`, `category_id`, `restaurant_id`, `name`, `description`, `price`, `image`, `allergens`, `badges`, `is_featured`, `is_available`, `sort_order`, `created_at`, `updated_at`) VALUES ('1653', '142', '2', '{"tr":"Hamburger Menü","en":"Hamburger Menü"}', '{"tr":"Hamburger + patates + içecek.","en":"Hamburger + patates + içecek."}', '475', NULL, NULL, NULL, '0', '1', '6', '2026-04-01 16:30:34', '2026-04-01 16:30:34');
INSERT INTO `qr_menu_items` (`id`, `category_id`, `restaurant_id`, `name`, `description`, `price`, `image`, `allergens`, `badges`, `is_featured`, `is_available`, `sort_order`, `created_at`, `updated_at`) VALUES ('1654', '142', '2', '{"tr":"Cheese Burger Menü","en":"Cheese Burger Menü"}', '{"tr":"Cheese Burger + patates + içecek.","en":"Cheese Burger + patates + içecek."}', '400', NULL, NULL, NULL, '0', '1', '7', '2026-04-01 16:30:34', '2026-04-01 16:30:34');
INSERT INTO `qr_menu_items` (`id`, `category_id`, `restaurant_id`, `name`, `description`, `price`, `image`, `allergens`, `badges`, `is_featured`, `is_available`, `sort_order`, `created_at`, `updated_at`) VALUES ('1655', '142', '2', '{"tr":"Chicken Burger Menü","en":"Chicken Burger Menü"}', '{"tr":"Chicken Burger + patates + içecek.","en":"Chicken Burger + patates + içecek."}', '400', NULL, NULL, NULL, '0', '1', '8', '2026-04-01 16:30:34', '2026-04-01 16:30:34');
INSERT INTO `qr_menu_items` (`id`, `category_id`, `restaurant_id`, `name`, `description`, `price`, `image`, `allergens`, `badges`, `is_featured`, `is_available`, `sort_order`, `created_at`, `updated_at`) VALUES ('1656', '142', '2', '{"tr":"Double Burger Menü","en":"Double Burger Menü"}', '{"tr":"Double Burger + patates + içecek.","en":"Double Burger + patates + içecek."}', '500', NULL, NULL, NULL, '0', '1', '9', '2026-04-01 16:30:34', '2026-04-01 16:30:34');
INSERT INTO `qr_menu_items` (`id`, `category_id`, `restaurant_id`, `name`, `description`, `price`, `image`, `allergens`, `badges`, `is_featured`, `is_available`, `sort_order`, `created_at`, `updated_at`) VALUES ('1657', '143', '2', '{"tr":"Barbekü Soslu Tavuk Tava","en":"Barbekü Soslu Tavuk Tava"}', '{"tr":"Barbekü sosu, tavuk, pilav, patates, coleslaw salata.","en":"Barbekü sosu, tavuk, pilav, patates, coleslaw salata."}', '355', NULL, NULL, NULL, '0', '1', '0', '2026-04-01 16:30:34', '2026-04-01 16:30:34');
INSERT INTO `qr_menu_items` (`id`, `category_id`, `restaurant_id`, `name`, `description`, `price`, `image`, `allergens`, `badges`, `is_featured`, `is_available`, `sort_order`, `created_at`, `updated_at`) VALUES ('1658', '143', '2', '{"tr":"Kremalı Soslu Tavuk Tava","en":"Kremalı Soslu Tavuk Tava"}', '{"tr":"Krema sosu, tavuk, pilav, patates, coleslaw salata.","en":"Krema sosu, tavuk, pilav, patates, coleslaw salata."}', '325', NULL, NULL, NULL, '0', '1', '1', '2026-04-01 16:30:34', '2026-04-01 16:30:34');
INSERT INTO `qr_menu_items` (`id`, `category_id`, `restaurant_id`, `name`, `description`, `price`, `image`, `allergens`, `badges`, `is_featured`, `is_available`, `sort_order`, `created_at`, `updated_at`) VALUES ('1659', '143', '2', '{"tr":"Barbekü Soslu Antrikot Tava","en":"Barbekü Soslu Antrikot Tava"}', '{"tr":"Barbekü sosu, antrikot, pilav, patates, coleslaw salata.","en":"Barbekü sosu, antrikot, pilav, patates, coleslaw salata."}', '450', NULL, NULL, NULL, '0', '1', '2', '2026-04-01 16:30:34', '2026-04-01 16:30:34');
INSERT INTO `qr_menu_items` (`id`, `category_id`, `restaurant_id`, `name`, `description`, `price`, `image`, `allergens`, `badges`, `is_featured`, `is_available`, `sort_order`, `created_at`, `updated_at`) VALUES ('1660', '143', '2', '{"tr":"Kremalı Soslu Antrikot Tava","en":"Kremalı Soslu Antrikot Tava"}', '{"tr":"Krema sosu, antrikot, pilav, patates, coleslaw salata.","en":"Krema sosu, antrikot, pilav, patates, coleslaw salata."}', '480', NULL, NULL, NULL, '0', '1', '3', '2026-04-01 16:30:34', '2026-04-01 16:30:34');
INSERT INTO `qr_menu_items` (`id`, `category_id`, `restaurant_id`, `name`, `description`, `price`, `image`, `allergens`, `badges`, `is_featured`, `is_available`, `sort_order`, `created_at`, `updated_at`) VALUES ('1661', '143', '2', '{"tr":"Izgara Köfte","en":"Izgara Köfte"}', '{"tr":null}', '360', NULL, NULL, NULL, '0', '1', '4', '2026-04-01 16:30:34', '2026-04-01 16:30:34');
INSERT INTO `qr_menu_items` (`id`, `category_id`, `restaurant_id`, `name`, `description`, `price`, `image`, `allergens`, `badges`, `is_featured`, `is_available`, `sort_order`, `created_at`, `updated_at`) VALUES ('1662', '143', '2', '{"tr":"Tavuk Schnitzel","en":"Tavuk Schnitzel"}', '{"tr":null}', '300', NULL, NULL, NULL, '0', '1', '5', '2026-04-01 16:30:34', '2026-04-01 16:30:34');
INSERT INTO `qr_menu_items` (`id`, `category_id`, `restaurant_id`, `name`, `description`, `price`, `image`, `allergens`, `badges`, `is_featured`, `is_available`, `sort_order`, `created_at`, `updated_at`) VALUES ('1663', '144', '2', '{"tr":"Ege Salatası","en":"Ege Salatası"}', '{"tr":"Mevsim yeşillikleri, şeker domates, salatalık, peynir.","en":"Mevsim yeşillikleri, şeker domates, salatalık, peynir."}', '220', NULL, NULL, NULL, '0', '1', '0', '2026-04-01 16:30:34', '2026-04-01 16:30:34');
INSERT INTO `qr_menu_items` (`id`, `category_id`, `restaurant_id`, `name`, `description`, `price`, `image`, `allergens`, `badges`, `is_featured`, `is_available`, `sort_order`, `created_at`, `updated_at`) VALUES ('1664', '144', '2', '{"tr":"Sezar Salata","en":"Sezar Salata"}', '{"tr":"Sezar sos, tavuk, kızarmış ekmek, mısır.","en":"Sezar sos, tavuk, kızarmış ekmek, mısır."}', '280', NULL, NULL, NULL, '0', '1', '1', '2026-04-01 16:30:34', '2026-04-01 16:30:34');
INSERT INTO `qr_menu_items` (`id`, `category_id`, `restaurant_id`, `name`, `description`, `price`, `image`, `allergens`, `badges`, `is_featured`, `is_available`, `sort_order`, `created_at`, `updated_at`) VALUES ('1665', '144', '2', '{"tr":"Ton Balıklı Salata","en":"Ton Balıklı Salata"}', '{"tr":"Ton balığı, yeşil salata.","en":"Ton balığı, yeşil salata."}', '350', NULL, NULL, NULL, '0', '1', '2', '2026-04-01 16:30:34', '2026-04-01 16:30:34');
INSERT INTO `qr_menu_items` (`id`, `category_id`, `restaurant_id`, `name`, `description`, `price`, `image`, `allergens`, `badges`, `is_featured`, `is_available`, `sort_order`, `created_at`, `updated_at`) VALUES ('1666', '144', '2', '{"tr":"Special Roma Salatası","en":"Special Roma Salatası"}', '{"tr":"Roma köfte, parmesan, mevsim yeşillikleri.","en":"Roma köfte, parmesan, mevsim yeşillikleri."}', '320', NULL, NULL, NULL, '0', '1', '3', '2026-04-01 16:30:34', '2026-04-01 16:30:34');
INSERT INTO `qr_menu_items` (`id`, `category_id`, `restaurant_id`, `name`, `description`, `price`, `image`, `allergens`, `badges`, `is_featured`, `is_available`, `sort_order`, `created_at`, `updated_at`) VALUES ('1667', '145', '2', '{"tr":"Sade","en":"Sade"}', '{"tr":"Top: 65 ₺ | Kilo: 950 ₺ (self servis)","en":"Top: 65 ₺ | Kilo: 950 ₺ (self servis)"}', '65', NULL, NULL, NULL, '0', '1', '0', '2026-04-01 16:30:34', '2026-04-01 16:30:34');
INSERT INTO `qr_menu_items` (`id`, `category_id`, `restaurant_id`, `name`, `description`, `price`, `image`, `allergens`, `badges`, `is_featured`, `is_available`, `sort_order`, `created_at`, `updated_at`) VALUES ('1668', '145', '2', '{"tr":"Tutti Frutti","en":"Tutti Frutti"}', '{"tr":"Top: 65 ₺ | Kilo: 950 ₺ (self servis)","en":"Top: 65 ₺ | Kilo: 950 ₺ (self servis)"}', '65', NULL, NULL, NULL, '0', '1', '1', '2026-04-01 16:30:34', '2026-04-01 16:30:34');
INSERT INTO `qr_menu_items` (`id`, `category_id`, `restaurant_id`, `name`, `description`, `price`, `image`, `allergens`, `badges`, `is_featured`, `is_available`, `sort_order`, `created_at`, `updated_at`) VALUES ('1669', '145', '2', '{"tr":"Sakızlı","en":"Sakızlı"}', '{"tr":"Top: 65 ₺ | Kilo: 950 ₺ (self servis)","en":"Top: 65 ₺ | Kilo: 950 ₺ (self servis)"}', '65', NULL, NULL, NULL, '0', '1', '2', '2026-04-01 16:30:34', '2026-04-01 16:30:34');
INSERT INTO `qr_menu_items` (`id`, `category_id`, `restaurant_id`, `name`, `description`, `price`, `image`, `allergens`, `badges`, `is_featured`, `is_available`, `sort_order`, `created_at`, `updated_at`) VALUES ('1670', '145', '2', '{"tr":"Kestaneli","en":"Kestaneli"}', '{"tr":"Top: 65 ₺ | Kilo: 950 ₺ (self servis)","en":"Top: 65 ₺ | Kilo: 950 ₺ (self servis)"}', '65', NULL, NULL, NULL, '0', '1', '3', '2026-04-01 16:30:34', '2026-04-01 16:30:34');
INSERT INTO `qr_menu_items` (`id`, `category_id`, `restaurant_id`, `name`, `description`, `price`, `image`, `allergens`, `badges`, `is_featured`, `is_available`, `sort_order`, `created_at`, `updated_at`) VALUES ('1671', '145', '2', '{"tr":"Çikolatalı","en":"Çikolatalı"}', '{"tr":"Top: 65 ₺ | Kilo: 950 ₺ (self servis)","en":"Top: 65 ₺ | Kilo: 950 ₺ (self servis)"}', '65', NULL, NULL, NULL, '0', '1', '4', '2026-04-01 16:30:34', '2026-04-01 16:30:34');
INSERT INTO `qr_menu_items` (`id`, `category_id`, `restaurant_id`, `name`, `description`, `price`, `image`, `allergens`, `badges`, `is_featured`, `is_available`, `sort_order`, `created_at`, `updated_at`) VALUES ('1672', '145', '2', '{"tr":"Limonlu","en":"Limonlu"}', '{"tr":"Top: 65 ₺ | Kilo: 950 ₺ (self servis)","en":"Top: 65 ₺ | Kilo: 950 ₺ (self servis)"}', '65', NULL, NULL, NULL, '0', '1', '5', '2026-04-01 16:30:34', '2026-04-01 16:30:34');
INSERT INTO `qr_menu_items` (`id`, `category_id`, `restaurant_id`, `name`, `description`, `price`, `image`, `allergens`, `badges`, `is_featured`, `is_available`, `sort_order`, `created_at`, `updated_at`) VALUES ('1673', '145', '2', '{"tr":"Karameli","en":"Karameli"}', '{"tr":"Top: 65 ₺ | Kilo: 950 ₺ (self servis)","en":"Top: 65 ₺ | Kilo: 950 ₺ (self servis)"}', '65', NULL, NULL, NULL, '0', '1', '6', '2026-04-01 16:30:34', '2026-04-01 16:30:34');
INSERT INTO `qr_menu_items` (`id`, `category_id`, `restaurant_id`, `name`, `description`, `price`, `image`, `allergens`, `badges`, `is_featured`, `is_available`, `sort_order`, `created_at`, `updated_at`) VALUES ('1674', '145', '2', '{"tr":"Çilekli","en":"Çilekli"}', '{"tr":"Top: 65 ₺ | Kilo: 950 ₺ (self servis)","en":"Top: 65 ₺ | Kilo: 950 ₺ (self servis)"}', '65', NULL, NULL, NULL, '0', '1', '7', '2026-04-01 16:30:34', '2026-04-01 16:30:34');
INSERT INTO `qr_menu_items` (`id`, `category_id`, `restaurant_id`, `name`, `description`, `price`, `image`, `allergens`, `badges`, `is_featured`, `is_available`, `sort_order`, `created_at`, `updated_at`) VALUES ('1675', '145', '2', '{"tr":"Kahveli","en":"Kahveli"}', '{"tr":"Top: 65 ₺ | Kilo: 950 ₺ (self servis)","en":"Top: 65 ₺ | Kilo: 950 ₺ (self servis)"}', '65', NULL, NULL, NULL, '0', '1', '8', '2026-04-01 16:30:34', '2026-04-01 16:30:34');
INSERT INTO `qr_menu_items` (`id`, `category_id`, `restaurant_id`, `name`, `description`, `price`, `image`, `allergens`, `badges`, `is_featured`, `is_available`, `sort_order`, `created_at`, `updated_at`) VALUES ('1676', '145', '2', '{"tr":"Vişneli","en":"Vişneli"}', '{"tr":"Top: 65 ₺ | Kilo: 950 ₺ (self servis)","en":"Top: 65 ₺ | Kilo: 950 ₺ (self servis)"}', '65', NULL, NULL, NULL, '0', '1', '9', '2026-04-01 16:30:34', '2026-04-01 16:30:34');
INSERT INTO `qr_menu_items` (`id`, `category_id`, `restaurant_id`, `name`, `description`, `price`, `image`, `allergens`, `badges`, `is_featured`, `is_available`, `sort_order`, `created_at`, `updated_at`) VALUES ('1677', '145', '2', '{"tr":"Bal-Badem","en":"Bal-Badem"}', '{"tr":"Top: 65 ₺ | Kilo: 950 ₺ (self servis)","en":"Top: 65 ₺ | Kilo: 950 ₺ (self servis)"}', '65', NULL, NULL, NULL, '0', '1', '10', '2026-04-01 16:30:34', '2026-04-01 16:30:34');
INSERT INTO `qr_menu_items` (`id`, `category_id`, `restaurant_id`, `name`, `description`, `price`, `image`, `allergens`, `badges`, `is_featured`, `is_available`, `sort_order`, `created_at`, `updated_at`) VALUES ('1678', '146', '2', '{"tr":"Bitter","en":"Bitter"}', '{"tr":"Top: 65 ₺ | Kilo: 950 ₺ (self servis)","en":"Top: 65 ₺ | Kilo: 950 ₺ (self servis)"}', '65', NULL, NULL, NULL, '0', '1', '0', '2026-04-01 16:30:34', '2026-04-01 16:30:34');
INSERT INTO `qr_menu_items` (`id`, `category_id`, `restaurant_id`, `name`, `description`, `price`, `image`, `allergens`, `badges`, `is_featured`, `is_available`, `sort_order`, `created_at`, `updated_at`) VALUES ('1679', '146', '2', '{"tr":"Honey Comb","en":"Honey Comb"}', '{"tr":"Top: 65 ₺ | Kilo: 950 ₺ (self servis)","en":"Top: 65 ₺ | Kilo: 950 ₺ (self servis)"}', '65', NULL, NULL, NULL, '0', '1', '1', '2026-04-01 16:30:34', '2026-04-01 16:30:34');
INSERT INTO `qr_menu_items` (`id`, `category_id`, `restaurant_id`, `name`, `description`, `price`, `image`, `allergens`, `badges`, `is_featured`, `is_available`, `sort_order`, `created_at`, `updated_at`) VALUES ('1680', '146', '2', '{"tr":"Kuvertür","en":"Kuvertür"}', '{"tr":"Top: 65 ₺ | Kilo: 950 ₺ (self servis)","en":"Top: 65 ₺ | Kilo: 950 ₺ (self servis)"}', '65', NULL, NULL, NULL, '0', '1', '2', '2026-04-01 16:30:34', '2026-04-01 16:30:34');
INSERT INTO `qr_menu_items` (`id`, `category_id`, `restaurant_id`, `name`, `description`, `price`, `image`, `allergens`, `badges`, `is_featured`, `is_available`, `sort_order`, `created_at`, `updated_at`) VALUES ('1681', '146', '2', '{"tr":"Pesca Golosa","en":"Pesca Golosa"}', '{"tr":"Top: 65 ₺ | Kilo: 950 ₺ (self servis)","en":"Top: 65 ₺ | Kilo: 950 ₺ (self servis)"}', '65', NULL, NULL, NULL, '0', '1', '3', '2026-04-01 16:30:34', '2026-04-01 16:30:34');
INSERT INTO `qr_menu_items` (`id`, `category_id`, `restaurant_id`, `name`, `description`, `price`, `image`, `allergens`, `badges`, `is_featured`, `is_available`, `sort_order`, `created_at`, `updated_at`) VALUES ('1682', '146', '2', '{"tr":"Big Babol","en":"Big Babol"}', '{"tr":"Top: 65 ₺ | Kilo: 950 ₺ (self servis)","en":"Top: 65 ₺ | Kilo: 950 ₺ (self servis)"}', '65', NULL, NULL, NULL, '0', '1', '4', '2026-04-01 16:30:34', '2026-04-01 16:30:34');
INSERT INTO `qr_menu_items` (`id`, `category_id`, `restaurant_id`, `name`, `description`, `price`, `image`, `allergens`, `badges`, `is_featured`, `is_available`, `sort_order`, `created_at`, `updated_at`) VALUES ('1683', '146', '2', '{"tr":"Muz","en":"Muz"}', '{"tr":"Top: 65 ₺ | Kilo: 950 ₺ (self servis)","en":"Top: 65 ₺ | Kilo: 950 ₺ (self servis)"}', '65', NULL, NULL, NULL, '0', '1', '5', '2026-04-01 16:30:34', '2026-04-01 16:30:34');
INSERT INTO `qr_menu_items` (`id`, `category_id`, `restaurant_id`, `name`, `description`, `price`, `image`, `allergens`, `badges`, `is_featured`, `is_available`, `sort_order`, `created_at`, `updated_at`) VALUES ('1684', '146', '2', '{"tr":"Blue Sky","en":"Blue Sky"}', '{"tr":"Top: 65 ₺ | Kilo: 950 ₺ (self servis)","en":"Top: 65 ₺ | Kilo: 950 ₺ (self servis)"}', '65', NULL, NULL, NULL, '0', '1', '6', '2026-04-01 16:30:34', '2026-04-01 16:30:34');
INSERT INTO `qr_menu_items` (`id`, `category_id`, `restaurant_id`, `name`, `description`, `price`, `image`, `allergens`, `badges`, `is_featured`, `is_available`, `sort_order`, `created_at`, `updated_at`) VALUES ('1685', '146', '2', '{"tr":"Fındık","en":"Fındık"}', '{"tr":"Top: 65 ₺ | Kilo: 950 ₺ (self servis)","en":"Top: 65 ₺ | Kilo: 950 ₺ (self servis)"}', '65', NULL, NULL, NULL, '0', '1', '7', '2026-04-01 16:30:34', '2026-04-01 16:30:34');
INSERT INTO `qr_menu_items` (`id`, `category_id`, `restaurant_id`, `name`, `description`, `price`, `image`, `allergens`, `badges`, `is_featured`, `is_available`, `sort_order`, `created_at`, `updated_at`) VALUES ('1686', '146', '2', '{"tr":"Nane","en":"Nane"}', '{"tr":"Top: 65 ₺ | Kilo: 950 ₺ (self servis)","en":"Top: 65 ₺ | Kilo: 950 ₺ (self servis)"}', '65', NULL, NULL, NULL, '0', '1', '8', '2026-04-01 16:30:34', '2026-04-01 16:30:34');
INSERT INTO `qr_menu_items` (`id`, `category_id`, `restaurant_id`, `name`, `description`, `price`, `image`, `allergens`, `badges`, `is_featured`, `is_available`, `sort_order`, `created_at`, `updated_at`) VALUES ('1687', '146', '2', '{"tr":"Sneakers","en":"Sneakers"}', '{"tr":"Top: 65 ₺ | Kilo: 950 ₺ (self servis)","en":"Top: 65 ₺ | Kilo: 950 ₺ (self servis)"}', '65', NULL, NULL, NULL, '0', '1', '9', '2026-04-01 16:30:34', '2026-04-01 16:30:34');
INSERT INTO `qr_menu_items` (`id`, `category_id`, `restaurant_id`, `name`, `description`, `price`, `image`, `allergens`, `badges`, `is_featured`, `is_available`, `sort_order`, `created_at`, `updated_at`) VALUES ('1688', '146', '2', '{"tr":"Hindistan Cevizi","en":"Hindistan Cevizi"}', '{"tr":"Top: 65 ₺ | Kilo: 950 ₺ (self servis)","en":"Top: 65 ₺ | Kilo: 950 ₺ (self servis)"}', '65', NULL, NULL, NULL, '0', '1', '10', '2026-04-01 16:30:34', '2026-04-01 16:30:34');
INSERT INTO `qr_menu_items` (`id`, `category_id`, `restaurant_id`, `name`, `description`, `price`, `image`, `allergens`, `badges`, `is_featured`, `is_available`, `sort_order`, `created_at`, `updated_at`) VALUES ('1689', '146', '2', '{"tr":"Böğürtlen","en":"Böğürtlen"}', '{"tr":"Top: 65 ₺ | Kilo: 950 ₺ (self servis)","en":"Top: 65 ₺ | Kilo: 950 ₺ (self servis)"}', '65', NULL, NULL, NULL, '0', '1', '11', '2026-04-01 16:30:34', '2026-04-01 16:30:34');
INSERT INTO `qr_menu_items` (`id`, `category_id`, `restaurant_id`, `name`, `description`, `price`, `image`, `allergens`, `badges`, `is_featured`, `is_available`, `sort_order`, `created_at`, `updated_at`) VALUES ('1690', '146', '2', '{"tr":"Tahin","en":"Tahin"}', '{"tr":"Top: 65 ₺ | Kilo: 950 ₺ (self servis)","en":"Top: 65 ₺ | Kilo: 950 ₺ (self servis)"}', '65', NULL, NULL, NULL, '0', '1', '12', '2026-04-01 16:30:34', '2026-04-01 16:30:34');
INSERT INTO `qr_menu_items` (`id`, `category_id`, `restaurant_id`, `name`, `description`, `price`, `image`, `allergens`, `badges`, `is_featured`, `is_available`, `sort_order`, `created_at`, `updated_at`) VALUES ('1691', '146', '2', '{"tr":"Ahududu","en":"Ahududu"}', '{"tr":"Top: 65 ₺ | Kilo: 950 ₺ (self servis)","en":"Top: 65 ₺ | Kilo: 950 ₺ (self servis)"}', '65', NULL, NULL, NULL, '0', '1', '13', '2026-04-01 16:30:34', '2026-04-01 16:30:34');
INSERT INTO `qr_menu_items` (`id`, `category_id`, `restaurant_id`, `name`, `description`, `price`, `image`, `allergens`, `badges`, `is_featured`, `is_available`, `sort_order`, `created_at`, `updated_at`) VALUES ('1692', '146', '2', '{"tr":"Karadut","en":"Karadut"}', '{"tr":"Top: 65 ₺ | Kilo: 950 ₺ (self servis)","en":"Top: 65 ₺ | Kilo: 950 ₺ (self servis)"}', '65', NULL, NULL, NULL, '0', '1', '14', '2026-04-01 16:30:34', '2026-04-01 16:30:34');
INSERT INTO `qr_menu_items` (`id`, `category_id`, `restaurant_id`, `name`, `description`, `price`, `image`, `allergens`, `badges`, `is_featured`, `is_available`, `sort_order`, `created_at`, `updated_at`) VALUES ('1693', '146', '2', '{"tr":"Ceviz-İncir","en":"Ceviz-İncir"}', '{"tr":"Top: 65 ₺ | Kilo: 950 ₺ (self servis)","en":"Top: 65 ₺ | Kilo: 950 ₺ (self servis)"}', '65', NULL, NULL, NULL, '0', '1', '15', '2026-04-01 16:30:34', '2026-04-01 16:30:34');
INSERT INTO `qr_menu_items` (`id`, `category_id`, `restaurant_id`, `name`, `description`, `price`, `image`, `allergens`, `badges`, `is_featured`, `is_available`, `sort_order`, `created_at`, `updated_at`) VALUES ('1694', '146', '2', '{"tr":"Kavun","en":"Kavun"}', '{"tr":"Top: 65 ₺ | Kilo: 950 ₺ (self servis)","en":"Top: 65 ₺ | Kilo: 950 ₺ (self servis)"}', '65', NULL, NULL, NULL, '0', '1', '16', '2026-04-01 16:30:34', '2026-04-01 16:30:34');
INSERT INTO `qr_menu_items` (`id`, `category_id`, `restaurant_id`, `name`, `description`, `price`, `image`, `allergens`, `badges`, `is_featured`, `is_available`, `sort_order`, `created_at`, `updated_at`) VALUES ('1695', '146', '2', '{"tr":"Crunchy","en":"Crunchy"}', '{"tr":"Top: 65 ₺ | Kilo: 950 ₺ (self servis)","en":"Top: 65 ₺ | Kilo: 950 ₺ (self servis)"}', '65', NULL, NULL, NULL, '0', '1', '17', '2026-04-01 16:30:34', '2026-04-01 16:30:34');
INSERT INTO `qr_menu_items` (`id`, `category_id`, `restaurant_id`, `name`, `description`, `price`, `image`, `allergens`, `badges`, `is_featured`, `is_available`, `sort_order`, `created_at`, `updated_at`) VALUES ('1696', '146', '2', '{"tr":"Mandalina","en":"Mandalina"}', '{"tr":"Top: 65 ₺ | Kilo: 950 ₺ (self servis)","en":"Top: 65 ₺ | Kilo: 950 ₺ (self servis)"}', '65', NULL, NULL, NULL, '0', '1', '18', '2026-04-01 16:30:34', '2026-04-01 16:30:34');
INSERT INTO `qr_menu_items` (`id`, `category_id`, `restaurant_id`, `name`, `description`, `price`, `image`, `allergens`, `badges`, `is_featured`, `is_available`, `sort_order`, `created_at`, `updated_at`) VALUES ('1697', '146', '2', '{"tr":"Yoğurt","en":"Yoğurt"}', '{"tr":"Top: 65 ₺ | Kilo: 950 ₺ (self servis)","en":"Top: 65 ₺ | Kilo: 950 ₺ (self servis)"}', '65', NULL, NULL, NULL, '0', '1', '19', '2026-04-01 16:30:34', '2026-04-01 16:30:34');
INSERT INTO `qr_menu_items` (`id`, `category_id`, `restaurant_id`, `name`, `description`, `price`, `image`, `allergens`, `badges`, `is_featured`, `is_available`, `sort_order`, `created_at`, `updated_at`) VALUES ('1698', '146', '2', '{"tr":"Yeşil Elma","en":"Yeşil Elma"}', '{"tr":"Top: 65 ₺ | Kilo: 950 ₺ (self servis)","en":"Top: 65 ₺ | Kilo: 950 ₺ (self servis)"}', '65', NULL, NULL, NULL, '0', '1', '20', '2026-04-01 16:30:34', '2026-04-01 16:30:34');
INSERT INTO `qr_menu_items` (`id`, `category_id`, `restaurant_id`, `name`, `description`, `price`, `image`, `allergens`, `badges`, `is_featured`, `is_available`, `sort_order`, `created_at`, `updated_at`) VALUES ('1699', '146', '2', '{"tr":"Cookies","en":"Cookies"}', '{"tr":"Top: 65 ₺ | Kilo: 950 ₺ (self servis)","en":"Top: 65 ₺ | Kilo: 950 ₺ (self servis)"}', '65', NULL, NULL, NULL, '0', '1', '21', '2026-04-01 16:30:34', '2026-04-01 16:30:34');
INSERT INTO `qr_menu_items` (`id`, `category_id`, `restaurant_id`, `name`, `description`, `price`, `image`, `allergens`, `badges`, `is_featured`, `is_available`, `sort_order`, `created_at`, `updated_at`) VALUES ('1700', '146', '2', '{"tr":"Oreo","en":"Oreo"}', '{"tr":"Top: 65 ₺ | Kilo: 950 ₺ (self servis)","en":"Top: 65 ₺ | Kilo: 950 ₺ (self servis)"}', '65', NULL, NULL, NULL, '0', '1', '22', '2026-04-01 16:30:34', '2026-04-01 16:30:34');
INSERT INTO `qr_menu_items` (`id`, `category_id`, `restaurant_id`, `name`, `description`, `price`, `image`, `allergens`, `badges`, `is_featured`, `is_available`, `sort_order`, `created_at`, `updated_at`) VALUES ('1701', '146', '2', '{"tr":"Zencefil-Tarçın","en":"Zencefil-Tarçın"}', '{"tr":"Top: 65 ₺ | Kilo: 950 ₺ (self servis)","en":"Top: 65 ₺ | Kilo: 950 ₺ (self servis)"}', '65', NULL, NULL, NULL, '0', '1', '23', '2026-04-01 16:30:34', '2026-04-01 16:30:34');
INSERT INTO `qr_menu_items` (`id`, `category_id`, `restaurant_id`, `name`, `description`, `price`, `image`, `allergens`, `badges`, `is_featured`, `is_available`, `sort_order`, `created_at`, `updated_at`) VALUES ('1702', '146', '2', '{"tr":"Kivi","en":"Kivi"}', '{"tr":"Top: 65 ₺ | Kilo: 950 ₺ (self servis)","en":"Top: 65 ₺ | Kilo: 950 ₺ (self servis)"}', '65', NULL, NULL, NULL, '0', '1', '24', '2026-04-01 16:30:34', '2026-04-01 16:30:34');
INSERT INTO `qr_menu_items` (`id`, `category_id`, `restaurant_id`, `name`, `description`, `price`, `image`, `allergens`, `badges`, `is_featured`, `is_available`, `sort_order`, `created_at`, `updated_at`) VALUES ('1703', '146', '2', '{"tr":"Mango-Ananas","en":"Mango-Ananas"}', '{"tr":"Top: 65 ₺ | Kilo: 950 ₺ (self servis)","en":"Top: 65 ₺ | Kilo: 950 ₺ (self servis)"}', '65', NULL, NULL, NULL, '0', '1', '25', '2026-04-01 16:30:34', '2026-04-01 16:30:34');
INSERT INTO `qr_menu_items` (`id`, `category_id`, `restaurant_id`, `name`, `description`, `price`, `image`, `allergens`, `badges`, `is_featured`, `is_available`, `sort_order`, `created_at`, `updated_at`) VALUES ('1704', '146', '2', '{"tr":"Frenk Üzümü","en":"Frenk Üzümü"}', '{"tr":"Top: 65 ₺ | Kilo: 950 ₺ (self servis)","en":"Top: 65 ₺ | Kilo: 950 ₺ (self servis)"}', '65', NULL, NULL, NULL, '0', '1', '26', '2026-04-01 16:30:34', '2026-04-01 16:30:34');
INSERT INTO `qr_menu_items` (`id`, `category_id`, `restaurant_id`, `name`, `description`, `price`, `image`, `allergens`, `badges`, `is_featured`, `is_available`, `sort_order`, `created_at`, `updated_at`) VALUES ('1705', '146', '2', '{"tr":"Portakal","en":"Portakal"}', '{"tr":"Top: 65 ₺ | Kilo: 950 ₺ (self servis)","en":"Top: 65 ₺ | Kilo: 950 ₺ (self servis)"}', '65', NULL, NULL, NULL, '0', '1', '27', '2026-04-01 16:30:34', '2026-04-01 16:30:34');
INSERT INTO `qr_menu_items` (`id`, `category_id`, `restaurant_id`, `name`, `description`, `price`, `image`, `allergens`, `badges`, `is_featured`, `is_available`, `sort_order`, `created_at`, `updated_at`) VALUES ('1706', '146', '2', '{"tr":"Cool Lime","en":"Cool Lime"}', '{"tr":"Top: 65 ₺ | Kilo: 950 ₺ (self servis)","en":"Top: 65 ₺ | Kilo: 950 ₺ (self servis)"}', '65', NULL, NULL, NULL, '0', '1', '28', '2026-04-01 16:30:34', '2026-04-01 16:30:34');
INSERT INTO `qr_menu_items` (`id`, `category_id`, `restaurant_id`, `name`, `description`, `price`, `image`, `allergens`, `badges`, `is_featured`, `is_available`, `sort_order`, `created_at`, `updated_at`) VALUES ('1707', '146', '2', '{"tr":"Antep Fıstık","en":"Antep Fıstık"}', '{"tr":"Top: 65 ₺ | Kilo: 950 ₺ (self servis)","en":"Top: 65 ₺ | Kilo: 950 ₺ (self servis)"}', '65', NULL, NULL, NULL, '0', '1', '29', '2026-04-01 16:30:34', '2026-04-01 16:30:34');
INSERT INTO `qr_menu_items` (`id`, `category_id`, `restaurant_id`, `name`, `description`, `price`, `image`, `allergens`, `badges`, `is_featured`, `is_available`, `sort_order`, `created_at`, `updated_at`) VALUES ('1708', '146', '2', '{"tr":"Güllü","en":"Güllü"}', '{"tr":"Top: 65 ₺ | Kilo: 950 ₺ (self servis)","en":"Top: 65 ₺ | Kilo: 950 ₺ (self servis)"}', '65', NULL, NULL, NULL, '0', '1', '30', '2026-04-01 16:30:34', '2026-04-01 16:30:34');
INSERT INTO `qr_menu_items` (`id`, `category_id`, `restaurant_id`, `name`, `description`, `price`, `image`, `allergens`, `badges`, `is_featured`, `is_available`, `sort_order`, `created_at`, `updated_at`) VALUES ('1709', '146', '2', '{"tr":"Hibiscus","en":"Hibiscus"}', '{"tr":"Top: 65 ₺ | Kilo: 950 ₺ (self servis)","en":"Top: 65 ₺ | Kilo: 950 ₺ (self servis)"}', '65', NULL, NULL, NULL, '0', '1', '31', '2026-04-01 16:30:34', '2026-04-01 16:30:34');
INSERT INTO `qr_menu_items` (`id`, `category_id`, `restaurant_id`, `name`, `description`, `price`, `image`, `allergens`, `badges`, `is_featured`, `is_available`, `sort_order`, `created_at`, `updated_at`) VALUES ('1710', '146', '2', '{"tr":"Lotus","en":"Lotus"}', '{"tr":"Top: 65 ₺ | Kilo: 950 ₺ (self servis)","en":"Top: 65 ₺ | Kilo: 950 ₺ (self servis)"}', '65', NULL, NULL, NULL, '0', '1', '32', '2026-04-01 16:30:34', '2026-04-01 16:30:34');
INSERT INTO `qr_menu_items` (`id`, `category_id`, `restaurant_id`, `name`, `description`, `price`, `image`, `allergens`, `badges`, `is_featured`, `is_available`, `sort_order`, `created_at`, `updated_at`) VALUES ('1711', '146', '2', '{"tr":"Menekşe","en":"Menekşe"}', '{"tr":"Top: 65 ₺ | Kilo: 950 ₺ (self servis)","en":"Top: 65 ₺ | Kilo: 950 ₺ (self servis)"}', '65', NULL, NULL, NULL, '0', '1', '33', '2026-04-01 16:30:34', '2026-04-01 16:30:34');
INSERT INTO `qr_menu_items` (`id`, `category_id`, `restaurant_id`, `name`, `description`, `price`, `image`, `allergens`, `badges`, `is_featured`, `is_available`, `sort_order`, `created_at`, `updated_at`) VALUES ('1712', '146', '2', '{"tr":"Kinder Bueno","en":"Kinder Bueno"}', '{"tr":"Top: 65 ₺ | Kilo: 950 ₺ (self servis)","en":"Top: 65 ₺ | Kilo: 950 ₺ (self servis)"}', '65', NULL, NULL, NULL, '0', '1', '34', '2026-04-01 16:30:34', '2026-04-01 16:30:34');
INSERT INTO `qr_menu_items` (`id`, `category_id`, `restaurant_id`, `name`, `description`, `price`, `image`, `allergens`, `badges`, `is_featured`, `is_available`, `sort_order`, `created_at`, `updated_at`) VALUES ('1713', '146', '2', '{"tr":"Acı Badem","en":"Acı Badem"}', '{"tr":"Top: 65 ₺ | Kilo: 950 ₺ (self servis)","en":"Top: 65 ₺ | Kilo: 950 ₺ (self servis)"}', '65', NULL, NULL, NULL, '0', '1', '35', '2026-04-01 16:30:34', '2026-04-01 16:30:34');
INSERT INTO `qr_menu_items` (`id`, `category_id`, `restaurant_id`, `name`, `description`, `price`, `image`, `allergens`, `badges`, `is_featured`, `is_available`, `sort_order`, `created_at`, `updated_at`) VALUES ('1714', '146', '2', '{"tr":"Passion Fruit","en":"Passion Fruit"}', '{"tr":"Top: 65 ₺ | Kilo: 950 ₺ (self servis)","en":"Top: 65 ₺ | Kilo: 950 ₺ (self servis)"}', '65', NULL, NULL, NULL, '0', '1', '36', '2026-04-01 16:30:34', '2026-04-01 16:30:34');
INSERT INTO `qr_menu_items` (`id`, `category_id`, `restaurant_id`, `name`, `description`, `price`, `image`, `allergens`, `badges`, `is_featured`, `is_available`, `sort_order`, `created_at`, `updated_at`) VALUES ('1715', '146', '2', '{"tr":"Lavanta","en":"Lavanta"}', '{"tr":"Top: 65 ₺ | Kilo: 950 ₺ (self servis)","en":"Top: 65 ₺ | Kilo: 950 ₺ (self servis)"}', '65', NULL, NULL, NULL, '0', '1', '37', '2026-04-01 16:30:34', '2026-04-01 16:30:34');
INSERT INTO `qr_menu_items` (`id`, `category_id`, `restaurant_id`, `name`, `description`, `price`, `image`, `allergens`, `badges`, `is_featured`, `is_available`, `sort_order`, `created_at`, `updated_at`) VALUES ('1716', '146', '2', '{"tr":"Blown","en":"Blown"}', '{"tr":"Top: 65 ₺ | Kilo: 950 ₺ (self servis)","en":"Top: 65 ₺ | Kilo: 950 ₺ (self servis)"}', '65', NULL, NULL, NULL, '0', '1', '38', '2026-04-01 16:30:34', '2026-04-01 16:30:34');
INSERT INTO `qr_menu_items` (`id`, `category_id`, `restaurant_id`, `name`, `description`, `price`, `image`, `allergens`, `badges`, `is_featured`, `is_available`, `sort_order`, `created_at`, `updated_at`) VALUES ('1717', '147', '2', '{"tr":"Fragola Sogna","en":"Fragola Sogna"}', '{"tr":"Karışık dondurma, taze çilek, krem şanti, yaban mersini, muz, kivi, çilek sosu.","en":"Karışık dondurma, taze çilek, krem şanti, yaban mersini, muz, kivi, çilek sosu."}', '360', NULL, NULL, NULL, '0', '1', '0', '2026-04-01 16:30:34', '2026-04-01 16:30:34');
INSERT INTO `qr_menu_items` (`id`, `category_id`, `restaurant_id`, `name`, `description`, `price`, `image`, `allergens`, `badges`, `is_featured`, `is_available`, `sort_order`, `created_at`, `updated_at`) VALUES ('1718', '147', '2', '{"tr":"Fragola Frappe","en":"Fragola Frappe"}', '{"tr":"Kavunlu ve mangolu dondurma, taze çilek, krem şanti, hindistan cevizi, çilek sosu.","en":"Kavunlu ve mangolu dondurma, taze çilek, krem şanti, hindistan cevizi, çilek sosu."}', '360', NULL, NULL, NULL, '0', '1', '1', '2026-04-01 16:30:34', '2026-04-01 16:30:34');
INSERT INTO `qr_menu_items` (`id`, `category_id`, `restaurant_id`, `name`, `description`, `price`, `image`, `allergens`, `badges`, `is_featured`, `is_available`, `sort_order`, `created_at`, `updated_at`) VALUES ('1719', '147', '2', '{"tr":"Fragola Bambini","en":"Fragola Bambini"}', '{"tr":"Vanilyalı ve çilekli dondurma, taze çilek, krem şanti, çilek sosu.","en":"Vanilyalı ve çilekli dondurma, taze çilek, krem şanti, çilek sosu."}', '315', NULL, NULL, NULL, '0', '1', '2', '2026-04-01 16:30:34', '2026-04-01 16:30:34');
INSERT INTO `qr_menu_items` (`id`, `category_id`, `restaurant_id`, `name`, `description`, `price`, `image`, `allergens`, `badges`, `is_featured`, `is_available`, `sort_order`, `created_at`, `updated_at`) VALUES ('1720', '147', '2', '{"tr":"Çilekli Fragola Frappe","en":"Çilekli Fragola Frappe"}', '{"tr":"Çilekli dondurma, süt, taze çilek, krem şanti, çilek sosu.","en":"Çilekli dondurma, süt, taze çilek, krem şanti, çilek sosu."}', '280', NULL, NULL, NULL, '0', '1', '3', '2026-04-01 16:30:34', '2026-04-01 16:30:34');
INSERT INTO `qr_menu_items` (`id`, `category_id`, `restaurant_id`, `name`, `description`, `price`, `image`, `allergens`, `badges`, `is_featured`, `is_available`, `sort_order`, `created_at`, `updated_at`) VALUES ('1721', '147', '2', '{"tr":"Fragola Italia","en":"Fragola Italia"}', '{"tr":"Karışık dondurma, taze çilek, muz, yeşil elma, kivi, krem şanti, çilek sosu.","en":"Karışık dondurma, taze çilek, muz, yeşil elma, kivi, krem şanti, çilek sosu."}', '350', NULL, NULL, NULL, '0', '1', '4', '2026-04-01 16:30:34', '2026-04-01 16:30:34');
INSERT INTO `qr_menu_items` (`id`, `category_id`, `restaurant_id`, `name`, `description`, `price`, `image`, `allergens`, `badges`, `is_featured`, `is_available`, `sort_order`, `created_at`, `updated_at`) VALUES ('1722', '147', '2', '{"tr":"Mangolu Fragola Bambini","en":"Mangolu Fragola Bambini"}', '{"tr":"Mangolu ve çilekli dondurma, taze çilek, krem şanti, çilek sosu.","en":"Mangolu ve çilekli dondurma, taze çilek, krem şanti, çilek sosu."}', '330', NULL, NULL, NULL, '0', '1', '5', '2026-04-01 16:30:34', '2026-04-01 16:30:34');
INSERT INTO `qr_menu_items` (`id`, `category_id`, `restaurant_id`, `name`, `description`, `price`, `image`, `allergens`, `badges`, `is_featured`, `is_available`, `sort_order`, `created_at`, `updated_at`) VALUES ('1723', '147', '2', '{"tr":"Milkshake (istediğiniz dondurma seçeneği ile)","en":"Milkshake (istediğiniz dondurma seçeneği ile)"}', '{"tr":null}', '210', NULL, NULL, NULL, '0', '1', '6', '2026-04-01 16:30:34', '2026-04-01 16:30:34');
INSERT INTO `qr_menu_items` (`id`, `category_id`, `restaurant_id`, `name`, `description`, `price`, `image`, `allergens`, `badges`, `is_featured`, `is_available`, `sort_order`, `created_at`, `updated_at`) VALUES ('1724', '148', '2', '{"tr":"Limonlu Cheesecake","en":"Limonlu Cheesecake"}', '{"tr":null}', '150', NULL, NULL, NULL, '0', '1', '0', '2026-04-01 16:30:34', '2026-04-01 16:30:34');
INSERT INTO `qr_menu_items` (`id`, `category_id`, `restaurant_id`, `name`, `description`, `price`, `image`, `allergens`, `badges`, `is_featured`, `is_available`, `sort_order`, `created_at`, `updated_at`) VALUES ('1725', '148', '2', '{"tr":"Frambuazlı Cheesecake","en":"Frambuazlı Cheesecake"}', '{"tr":null}', '150', NULL, NULL, NULL, '0', '1', '1', '2026-04-01 16:30:34', '2026-04-01 16:30:34');
INSERT INTO `qr_menu_items` (`id`, `category_id`, `restaurant_id`, `name`, `description`, `price`, `image`, `allergens`, `badges`, `is_featured`, `is_available`, `sort_order`, `created_at`, `updated_at`) VALUES ('1726', '148', '2', '{"tr":"Ananas-Badem","en":"Ananas-Badem"}', '{"tr":null}', '150', NULL, NULL, NULL, '0', '1', '2', '2026-04-01 16:30:34', '2026-04-01 16:30:34');
INSERT INTO `qr_menu_items` (`id`, `category_id`, `restaurant_id`, `name`, `description`, `price`, `image`, `allergens`, `badges`, `is_featured`, `is_available`, `sort_order`, `created_at`, `updated_at`) VALUES ('1727', '148', '2', '{"tr":"Vişneli Karaorman","en":"Vişneli Karaorman"}', '{"tr":null}', '150', NULL, NULL, NULL, '0', '1', '3', '2026-04-01 16:30:34', '2026-04-01 16:30:34');
INSERT INTO `qr_menu_items` (`id`, `category_id`, `restaurant_id`, `name`, `description`, `price`, `image`, `allergens`, `badges`, `is_featured`, `is_available`, `sort_order`, `created_at`, `updated_at`) VALUES ('1728', '148', '2', '{"tr":"Kestane Karaorman","en":"Kestane Karaorman"}', '{"tr":null}', '150', NULL, NULL, NULL, '0', '1', '4', '2026-04-01 16:30:34', '2026-04-01 16:30:34');
INSERT INTO `qr_menu_items` (`id`, `category_id`, `restaurant_id`, `name`, `description`, `price`, `image`, `allergens`, `badges`, `is_featured`, `is_available`, `sort_order`, `created_at`, `updated_at`) VALUES ('1729', '148', '2', '{"tr":"Devil''s Pasta","en":"Devil''s Pasta"}', '{"tr":null}', '150', NULL, NULL, NULL, '0', '1', '5', '2026-04-01 16:30:34', '2026-04-01 16:30:34');
INSERT INTO `qr_menu_items` (`id`, `category_id`, `restaurant_id`, `name`, `description`, `price`, `image`, `allergens`, `badges`, `is_featured`, `is_available`, `sort_order`, `created_at`, `updated_at`) VALUES ('1730', '148', '2', '{"tr":"Antep Rüyası Pasta","en":"Antep Rüyası Pasta"}', '{"tr":null}', '160', NULL, NULL, NULL, '0', '1', '6', '2026-04-01 16:30:34', '2026-04-01 16:30:34');
INSERT INTO `qr_menu_items` (`id`, `category_id`, `restaurant_id`, `name`, `description`, `price`, `image`, `allergens`, `badges`, `is_featured`, `is_available`, `sort_order`, `created_at`, `updated_at`) VALUES ('1731', '148', '2', '{"tr":"Krokanlı Pasta","en":"Krokanlı Pasta"}', '{"tr":null}', '180', NULL, NULL, NULL, '0', '1', '7', '2026-04-01 16:30:34', '2026-04-01 16:30:34');
INSERT INTO `qr_menu_items` (`id`, `category_id`, `restaurant_id`, `name`, `description`, `price`, `image`, `allergens`, `badges`, `is_featured`, `is_available`, `sort_order`, `created_at`, `updated_at`) VALUES ('1732', '148', '2', '{"tr":"Profiterol Pasta","en":"Profiterol Pasta"}', '{"tr":null}', '200', NULL, NULL, NULL, '0', '1', '8', '2026-04-01 16:30:34', '2026-04-01 16:30:34');
INSERT INTO `qr_menu_items` (`id`, `category_id`, `restaurant_id`, `name`, `description`, `price`, `image`, `allergens`, `badges`, `is_featured`, `is_available`, `sort_order`, `created_at`, `updated_at`) VALUES ('1733', '148', '2', '{"tr":"Mozaik Pasta","en":"Mozaik Pasta"}', '{"tr":null}', '140', NULL, NULL, NULL, '0', '1', '9', '2026-04-01 16:30:34', '2026-04-01 16:30:34');
INSERT INTO `qr_menu_items` (`id`, `category_id`, `restaurant_id`, `name`, `description`, `price`, `image`, `allergens`, `badges`, `is_featured`, `is_available`, `sort_order`, `created_at`, `updated_at`) VALUES ('1734', '148', '2', '{"tr":"Ekler","en":"Ekler"}', '{"tr":null}', '90', NULL, NULL, NULL, '0', '1', '10', '2026-04-01 16:30:34', '2026-04-01 16:30:34');
INSERT INTO `qr_menu_items` (`id`, `category_id`, `restaurant_id`, `name`, `description`, `price`, `image`, `allergens`, `badges`, `is_featured`, `is_available`, `sort_order`, `created_at`, `updated_at`) VALUES ('1735', '149', '2', '{"tr":"Roma Waffle","en":"Roma Waffle"}', '{"tr":"Seçeceğiniz taban malzemeler ve 1 top dondurma (65 ₺) ile.","en":"Seçeceğiniz taban malzemeler ve 1 top dondurma (65 ₺) ile."}', '260', NULL, NULL, NULL, '0', '1', '0', '2026-04-01 16:30:34', '2026-04-01 16:30:34');
INSERT INTO `qr_menu_items` (`id`, `category_id`, `restaurant_id`, `name`, `description`, `price`, `image`, `allergens`, `badges`, `is_featured`, `is_available`, `sort_order`, `created_at`, `updated_at`) VALUES ('1736', '149', '2', '{"tr":"Waffle’ini Kendin Yap","en":"Waffle’ini Kendin Yap"}', '{"tr":"Malzemeler menü fiyatları üzerinden hesaplanır.","en":"Malzemeler menü fiyatları üzerinden hesaplanır."}', '200', NULL, NULL, NULL, '0', '1', '1', '2026-04-01 16:30:34', '2026-04-01 16:30:34');
INSERT INTO `qr_menu_items` (`id`, `category_id`, `restaurant_id`, `name`, `description`, `price`, `image`, `allergens`, `badges`, `is_featured`, `is_available`, `sort_order`, `created_at`, `updated_at`) VALUES ('1737', '150', '2', '{"tr":"Antep Fıstıklı Baklava","en":"Antep Fıstıklı Baklava"}', '{"tr":null}', '220', NULL, NULL, NULL, '0', '1', '0', '2026-04-01 16:30:34', '2026-04-01 16:30:34');
INSERT INTO `qr_menu_items` (`id`, `category_id`, `restaurant_id`, `name`, `description`, `price`, `image`, `allergens`, `badges`, `is_featured`, `is_available`, `sort_order`, `created_at`, `updated_at`) VALUES ('1738', '150', '2', '{"tr":"Cevizli Ev Baklavası","en":"Cevizli Ev Baklavası"}', '{"tr":null}', '200', NULL, NULL, NULL, '0', '1', '1', '2026-04-01 16:30:34', '2026-04-01 16:30:34');
INSERT INTO `qr_menu_items` (`id`, `category_id`, `restaurant_id`, `name`, `description`, `price`, `image`, `allergens`, `badges`, `is_featured`, `is_available`, `sort_order`, `created_at`, `updated_at`) VALUES ('1739', '150', '2', '{"tr":"Antep Fıstıklı Burma Kadayıf","en":"Antep Fıstıklı Burma Kadayıf"}', '{"tr":null}', '210', NULL, NULL, NULL, '0', '1', '2', '2026-04-01 16:30:34', '2026-04-01 16:30:34');
INSERT INTO `qr_menu_items` (`id`, `category_id`, `restaurant_id`, `name`, `description`, `price`, `image`, `allergens`, `badges`, `is_featured`, `is_available`, `sort_order`, `created_at`, `updated_at`) VALUES ('1740', '150', '2', '{"tr":"Cevizli Burma Kadayıf","en":"Cevizli Burma Kadayıf"}', '{"tr":null}', '190', NULL, NULL, NULL, '0', '1', '3', '2026-04-01 16:30:34', '2026-04-01 16:30:34');
INSERT INTO `qr_menu_items` (`id`, `category_id`, `restaurant_id`, `name`, `description`, `price`, `image`, `allergens`, `badges`, `is_featured`, `is_available`, `sort_order`, `created_at`, `updated_at`) VALUES ('1741', '150', '2', '{"tr":"Lor Tatlısı","en":"Lor Tatlısı"}', '{"tr":null}', '130', NULL, NULL, NULL, '0', '1', '4', '2026-04-01 16:30:34', '2026-04-01 16:30:34');
INSERT INTO `qr_menu_items` (`id`, `category_id`, `restaurant_id`, `name`, `description`, `price`, `image`, `allergens`, `badges`, `is_featured`, `is_available`, `sort_order`, `created_at`, `updated_at`) VALUES ('1742', '150', '2', '{"tr":"Şambali","en":"Şambali"}', '{"tr":null}', '130', NULL, NULL, NULL, '0', '1', '5', '2026-04-01 16:30:34', '2026-04-01 16:30:34');
INSERT INTO `qr_menu_items` (`id`, `category_id`, `restaurant_id`, `name`, `description`, `price`, `image`, `allergens`, `badges`, `is_featured`, `is_available`, `sort_order`, `created_at`, `updated_at`) VALUES ('1743', '150', '2', '{"tr":"Kalburabastı","en":"Kalburabastı"}', '{"tr":null}', '120', NULL, NULL, NULL, '0', '1', '6', '2026-04-01 16:30:34', '2026-04-01 16:30:34');
INSERT INTO `qr_menu_items` (`id`, `category_id`, `restaurant_id`, `name`, `description`, `price`, `image`, `allergens`, `badges`, `is_featured`, `is_available`, `sort_order`, `created_at`, `updated_at`) VALUES ('1744', '150', '2', '{"tr":"Ekmek Kadayıfı","en":"Ekmek Kadayıfı"}', '{"tr":null}', '130', NULL, NULL, NULL, '0', '1', '7', '2026-04-01 16:30:34', '2026-04-01 16:30:34');
INSERT INTO `qr_menu_items` (`id`, `category_id`, `restaurant_id`, `name`, `description`, `price`, `image`, `allergens`, `badges`, `is_featured`, `is_available`, `sort_order`, `created_at`, `updated_at`) VALUES ('1745', '150', '2', '{"tr":"Antep Fıstıklı Basma Kadayıf","en":"Antep Fıstıklı Basma Kadayıf"}', '{"tr":null}', '250', NULL, NULL, NULL, '0', '1', '8', '2026-04-01 16:30:34', '2026-04-01 16:30:34');
INSERT INTO `qr_menu_items` (`id`, `category_id`, `restaurant_id`, `name`, `description`, `price`, `image`, `allergens`, `badges`, `is_featured`, `is_available`, `sort_order`, `created_at`, `updated_at`) VALUES ('1746', '151', '2', '{"tr":"Keşkül","en":"Keşkül"}', '{"tr":null}', '130', NULL, NULL, NULL, '0', '1', '0', '2026-04-01 16:30:34', '2026-04-01 16:30:34');
INSERT INTO `qr_menu_items` (`id`, `category_id`, `restaurant_id`, `name`, `description`, `price`, `image`, `allergens`, `badges`, `is_featured`, `is_available`, `sort_order`, `created_at`, `updated_at`) VALUES ('1747', '151', '2', '{"tr":"Supangle","en":"Supangle"}', '{"tr":null}', '150', NULL, NULL, NULL, '0', '1', '1', '2026-04-01 16:30:34', '2026-04-01 16:30:34');
INSERT INTO `qr_menu_items` (`id`, `category_id`, `restaurant_id`, `name`, `description`, `price`, `image`, `allergens`, `badges`, `is_featured`, `is_available`, `sort_order`, `created_at`, `updated_at`) VALUES ('1748', '151', '2', '{"tr":"Kazandibi","en":"Kazandibi"}', '{"tr":null}', '130', NULL, NULL, NULL, '0', '1', '2', '2026-04-01 16:30:34', '2026-04-01 16:30:34');
INSERT INTO `qr_menu_items` (`id`, `category_id`, `restaurant_id`, `name`, `description`, `price`, `image`, `allergens`, `badges`, `is_featured`, `is_available`, `sort_order`, `created_at`, `updated_at`) VALUES ('1749', '151', '2', '{"tr":"Karamelli Trileçe","en":"Karamelli Trileçe"}', '{"tr":null}', '120', NULL, NULL, NULL, '0', '1', '3', '2026-04-01 16:30:34', '2026-04-01 16:30:34');
INSERT INTO `qr_menu_items` (`id`, `category_id`, `restaurant_id`, `name`, `description`, `price`, `image`, `allergens`, `badges`, `is_featured`, `is_available`, `sort_order`, `created_at`, `updated_at`) VALUES ('1750', '151', '2', '{"tr":"Frambuazlı Trileçe","en":"Frambuazlı Trileçe"}', '{"tr":null}', '150', NULL, NULL, NULL, '0', '1', '4', '2026-04-01 16:30:34', '2026-04-01 16:30:34');
INSERT INTO `qr_menu_items` (`id`, `category_id`, `restaurant_id`, `name`, `description`, `price`, `image`, `allergens`, `badges`, `is_featured`, `is_available`, `sort_order`, `created_at`, `updated_at`) VALUES ('1751', '152', '2', '{"tr":"Orman Meyveli Frozen","en":"Orman Meyveli Frozen"}', '{"tr":null}', '150', NULL, NULL, NULL, '0', '1', '0', '2026-04-01 16:30:34', '2026-04-01 16:30:34');
INSERT INTO `qr_menu_items` (`id`, `category_id`, `restaurant_id`, `name`, `description`, `price`, `image`, `allergens`, `badges`, `is_featured`, `is_available`, `sort_order`, `created_at`, `updated_at`) VALUES ('1752', '152', '2', '{"tr":"Çilekli Frozen","en":"Çilekli Frozen"}', '{"tr":null}', '150', NULL, NULL, NULL, '0', '1', '1', '2026-04-01 16:30:34', '2026-04-01 16:30:34');
INSERT INTO `qr_menu_items` (`id`, `category_id`, `restaurant_id`, `name`, `description`, `price`, `image`, `allergens`, `badges`, `is_featured`, `is_available`, `sort_order`, `created_at`, `updated_at`) VALUES ('1753', '152', '2', '{"tr":"Muzlu Frozen","en":"Muzlu Frozen"}', '{"tr":null}', '150', NULL, NULL, NULL, '0', '1', '2', '2026-04-01 16:30:34', '2026-04-01 16:30:34');
INSERT INTO `qr_menu_items` (`id`, `category_id`, `restaurant_id`, `name`, `description`, `price`, `image`, `allergens`, `badges`, `is_featured`, `is_available`, `sort_order`, `created_at`, `updated_at`) VALUES ('1754', '152', '2', '{"tr":"Kivili Frozen","en":"Kivili Frozen"}', '{"tr":null}', '150', NULL, NULL, NULL, '0', '1', '3', '2026-04-01 16:30:34', '2026-04-01 16:30:34');
INSERT INTO `qr_menu_items` (`id`, `category_id`, `restaurant_id`, `name`, `description`, `price`, `image`, `allergens`, `badges`, `is_featured`, `is_available`, `sort_order`, `created_at`, `updated_at`) VALUES ('1755', '152', '2', '{"tr":"Naneli Frozen","en":"Naneli Frozen"}', '{"tr":null}', '150', NULL, NULL, NULL, '0', '1', '4', '2026-04-01 16:30:34', '2026-04-01 16:30:34');
INSERT INTO `qr_menu_items` (`id`, `category_id`, `restaurant_id`, `name`, `description`, `price`, `image`, `allergens`, `badges`, `is_featured`, `is_available`, `sort_order`, `created_at`, `updated_at`) VALUES ('1756', '152', '2', '{"tr":"Limonlu Frozen","en":"Limonlu Frozen"}', '{"tr":null}', '150', NULL, NULL, NULL, '0', '1', '5', '2026-04-01 16:30:34', '2026-04-01 16:30:34');
INSERT INTO `qr_menu_items` (`id`, `category_id`, `restaurant_id`, `name`, `description`, `price`, `image`, `allergens`, `badges`, `is_featured`, `is_available`, `sort_order`, `created_at`, `updated_at`) VALUES ('1757', '152', '2', '{"tr":"Karpuzlu Frozen","en":"Karpuzlu Frozen"}', '{"tr":null}', '150', NULL, NULL, NULL, '0', '1', '6', '2026-04-01 16:30:34', '2026-04-01 16:30:34');
INSERT INTO `qr_menu_items` (`id`, `category_id`, `restaurant_id`, `name`, `description`, `price`, `image`, `allergens`, `badges`, `is_featured`, `is_available`, `sort_order`, `created_at`, `updated_at`) VALUES ('1758', '152', '2', '{"tr":"Böğürtlenli Smoothie","en":"Böğürtlenli Smoothie"}', '{"tr":null}', '200', NULL, NULL, NULL, '0', '1', '7', '2026-04-01 16:30:34', '2026-04-01 16:30:34');
INSERT INTO `qr_menu_items` (`id`, `category_id`, `restaurant_id`, `name`, `description`, `price`, `image`, `allergens`, `badges`, `is_featured`, `is_available`, `sort_order`, `created_at`, `updated_at`) VALUES ('1759', '152', '2', '{"tr":"Karadutlu Smoothie","en":"Karadutlu Smoothie"}', '{"tr":null}', '200', NULL, NULL, NULL, '0', '1', '8', '2026-04-01 16:30:34', '2026-04-01 16:30:34');
INSERT INTO `qr_menu_items` (`id`, `category_id`, `restaurant_id`, `name`, `description`, `price`, `image`, `allergens`, `badges`, `is_featured`, `is_available`, `sort_order`, `created_at`, `updated_at`) VALUES ('1760', '152', '2', '{"tr":"Kivili Smoothie","en":"Kivili Smoothie"}', '{"tr":null}', '200', NULL, NULL, NULL, '0', '1', '9', '2026-04-01 16:30:34', '2026-04-01 16:30:34');
INSERT INTO `qr_menu_items` (`id`, `category_id`, `restaurant_id`, `name`, `description`, `price`, `image`, `allergens`, `badges`, `is_featured`, `is_available`, `sort_order`, `created_at`, `updated_at`) VALUES ('1761', '152', '2', '{"tr":"Muzlu Smoothie","en":"Muzlu Smoothie"}', '{"tr":null}', '200', NULL, NULL, NULL, '0', '1', '10', '2026-04-01 16:30:34', '2026-04-01 16:30:34');
INSERT INTO `qr_menu_items` (`id`, `category_id`, `restaurant_id`, `name`, `description`, `price`, `image`, `allergens`, `badges`, `is_featured`, `is_available`, `sort_order`, `created_at`, `updated_at`) VALUES ('1762', '152', '2', '{"tr":"Coollime","en":"Coollime"}', '{"tr":null}', '140', NULL, NULL, NULL, '0', '1', '11', '2026-04-01 16:30:34', '2026-04-01 16:30:34');
INSERT INTO `qr_menu_items` (`id`, `category_id`, `restaurant_id`, `name`, `description`, `price`, `image`, `allergens`, `badges`, `is_featured`, `is_available`, `sort_order`, `created_at`, `updated_at`) VALUES ('1763', '152', '2', '{"tr":"Berry Hibiscus","en":"Berry Hibiscus"}', '{"tr":null}', '140', NULL, NULL, NULL, '0', '1', '12', '2026-04-01 16:30:34', '2026-04-01 16:30:34');
INSERT INTO `qr_menu_items` (`id`, `category_id`, `restaurant_id`, `name`, `description`, `price`, `image`, `allergens`, `badges`, `is_featured`, `is_available`, `sort_order`, `created_at`, `updated_at`) VALUES ('1764', '152', '2', '{"tr":"Passion Lime","en":"Passion Lime"}', '{"tr":null}', '130', NULL, NULL, NULL, '0', '1', '13', '2026-04-01 16:30:34', '2026-04-01 16:30:34');
INSERT INTO `qr_menu_items` (`id`, `category_id`, `restaurant_id`, `name`, `description`, `price`, `image`, `allergens`, `badges`, `is_featured`, `is_available`, `sort_order`, `created_at`, `updated_at`) VALUES ('1765', '152', '2', '{"tr":"Barbie","en":"Barbie"}', '{"tr":null}', '130', NULL, NULL, NULL, '0', '1', '14', '2026-04-01 16:30:34', '2026-04-01 16:30:34');
INSERT INTO `qr_menu_items` (`id`, `category_id`, `restaurant_id`, `name`, `description`, `price`, `image`, `allergens`, `badges`, `is_featured`, `is_available`, `sort_order`, `created_at`, `updated_at`) VALUES ('1766', '152', '2', '{"tr":"Blue Sky (Mocktail)","en":"Blue Sky (Mocktail)"}', '{"tr":null}', '120', NULL, NULL, NULL, '0', '1', '15', '2026-04-01 16:30:34', '2026-04-01 16:30:34');
INSERT INTO `qr_menu_items` (`id`, `category_id`, `restaurant_id`, `name`, `description`, `price`, `image`, `allergens`, `badges`, `is_featured`, `is_available`, `sort_order`, `created_at`, `updated_at`) VALUES ('1767', '152', '2', '{"tr":"Hibiscus Passion","en":"Hibiscus Passion"}', '{"tr":null}', '120', NULL, NULL, NULL, '0', '1', '16', '2026-04-01 16:30:34', '2026-04-01 16:30:34');
INSERT INTO `qr_menu_items` (`id`, `category_id`, `restaurant_id`, `name`, `description`, `price`, `image`, `allergens`, `badges`, `is_featured`, `is_available`, `sort_order`, `created_at`, `updated_at`) VALUES ('1768', '152', '2', '{"tr":"Apple Mint","en":"Apple Mint"}', '{"tr":null}', '140', NULL, NULL, NULL, '0', '1', '17', '2026-04-01 16:30:34', '2026-04-01 16:30:34');
INSERT INTO `qr_menu_items` (`id`, `category_id`, `restaurant_id`, `name`, `description`, `price`, `image`, `allergens`, `badges`, `is_featured`, `is_available`, `sort_order`, `created_at`, `updated_at`) VALUES ('1769', '152', '2', '{"tr":"Churchill","en":"Churchill"}', '{"tr":null}', '80', NULL, NULL, NULL, '0', '1', '18', '2026-04-01 16:30:34', '2026-04-01 16:30:34');
INSERT INTO `qr_menu_items` (`id`, `category_id`, `restaurant_id`, `name`, `description`, `price`, `image`, `allergens`, `badges`, `is_featured`, `is_available`, `sort_order`, `created_at`, `updated_at`) VALUES ('1770', '152', '2', '{"tr":"Limonata","en":"Limonata"}', '{"tr":null}', '100', NULL, NULL, NULL, '0', '1', '19', '2026-04-01 16:30:34', '2026-04-01 16:30:34');
INSERT INTO `qr_menu_items` (`id`, `category_id`, `restaurant_id`, `name`, `description`, `price`, `image`, `allergens`, `badges`, `is_featured`, `is_available`, `sort_order`, `created_at`, `updated_at`) VALUES ('1771', '153', '2', '{"tr":"Karamel Frappe","en":"Karamel Frappe"}', '{"tr":null}', '140', NULL, NULL, NULL, '0', '1', '0', '2026-04-01 16:30:34', '2026-04-01 16:30:34');
INSERT INTO `qr_menu_items` (`id`, `category_id`, `restaurant_id`, `name`, `description`, `price`, `image`, `allergens`, `badges`, `is_featured`, `is_available`, `sort_order`, `created_at`, `updated_at`) VALUES ('1772', '153', '2', '{"tr":"Ice Cappuccino","en":"Ice Cappuccino"}', '{"tr":null}', '160', NULL, NULL, NULL, '0', '1', '1', '2026-04-01 16:30:34', '2026-04-01 16:30:34');
INSERT INTO `qr_menu_items` (`id`, `category_id`, `restaurant_id`, `name`, `description`, `price`, `image`, `allergens`, `badges`, `is_featured`, `is_available`, `sort_order`, `created_at`, `updated_at`) VALUES ('1773', '153', '2', '{"tr":"Cold Brew","en":"Cold Brew"}', '{"tr":null}', '130', NULL, NULL, NULL, '0', '1', '2', '2026-04-01 16:30:34', '2026-04-01 16:30:34');
INSERT INTO `qr_menu_items` (`id`, `category_id`, `restaurant_id`, `name`, `description`, `price`, `image`, `allergens`, `badges`, `is_featured`, `is_available`, `sort_order`, `created_at`, `updated_at`) VALUES ('1774', '153', '2', '{"tr":"Affogato","en":"Affogato"}', '{"tr":null}', '180', NULL, NULL, NULL, '0', '1', '3', '2026-04-01 16:30:34', '2026-04-01 16:30:34');
INSERT INTO `qr_menu_items` (`id`, `category_id`, `restaurant_id`, `name`, `description`, `price`, `image`, `allergens`, `badges`, `is_featured`, `is_available`, `sort_order`, `created_at`, `updated_at`) VALUES ('1775', '153', '2', '{"tr":"Ice Americano","en":"Ice Americano"}', '{"tr":null}', '130', NULL, NULL, NULL, '0', '1', '4', '2026-04-01 16:30:34', '2026-04-01 16:30:34');
INSERT INTO `qr_menu_items` (`id`, `category_id`, `restaurant_id`, `name`, `description`, `price`, `image`, `allergens`, `badges`, `is_featured`, `is_available`, `sort_order`, `created_at`, `updated_at`) VALUES ('1776', '153', '2', '{"tr":"Ice Honey Lemon Americano","en":"Ice Honey Lemon Americano"}', '{"tr":null}', '140', NULL, NULL, NULL, '0', '1', '5', '2026-04-01 16:30:34', '2026-04-01 16:30:34');
INSERT INTO `qr_menu_items` (`id`, `category_id`, `restaurant_id`, `name`, `description`, `price`, `image`, `allergens`, `badges`, `is_featured`, `is_available`, `sort_order`, `created_at`, `updated_at`) VALUES ('1777', '153', '2', '{"tr":"Ice Caramel Macchiato","en":"Ice Caramel Macchiato"}', '{"tr":null}', '150', NULL, NULL, NULL, '0', '1', '6', '2026-04-01 16:30:34', '2026-04-01 16:30:34');
INSERT INTO `qr_menu_items` (`id`, `category_id`, `restaurant_id`, `name`, `description`, `price`, `image`, `allergens`, `badges`, `is_featured`, `is_available`, `sort_order`, `created_at`, `updated_at`) VALUES ('1778', '153', '2', '{"tr":"Naneli İtalyan Soda","en":"Naneli İtalyan Soda"}', '{"tr":null}', '110', NULL, NULL, NULL, '0', '1', '7', '2026-04-01 16:30:34', '2026-04-01 16:30:34');
INSERT INTO `qr_menu_items` (`id`, `category_id`, `restaurant_id`, `name`, `description`, `price`, `image`, `allergens`, `badges`, `is_featured`, `is_available`, `sort_order`, `created_at`, `updated_at`) VALUES ('1779', '153', '2', '{"tr":"Çilekli İtalyan Soda","en":"Çilekli İtalyan Soda"}', '{"tr":null}', '110', NULL, NULL, NULL, '0', '1', '8', '2026-04-01 16:30:34', '2026-04-01 16:30:34');
INSERT INTO `qr_menu_items` (`id`, `category_id`, `restaurant_id`, `name`, `description`, `price`, `image`, `allergens`, `badges`, `is_featured`, `is_available`, `sort_order`, `created_at`, `updated_at`) VALUES ('1780', '153', '2', '{"tr":"Kivili İtalyan Soda","en":"Kivili İtalyan Soda"}', '{"tr":null}', '110', NULL, NULL, NULL, '0', '1', '9', '2026-04-01 16:30:34', '2026-04-01 16:30:34');
INSERT INTO `qr_menu_items` (`id`, `category_id`, `restaurant_id`, `name`, `description`, `price`, `image`, `allergens`, `badges`, `is_featured`, `is_available`, `sort_order`, `created_at`, `updated_at`) VALUES ('1781', '153', '2', '{"tr":"Limonlu İtalyan Soda","en":"Limonlu İtalyan Soda"}', '{"tr":null}', '110', NULL, NULL, NULL, '0', '1', '10', '2026-04-01 16:30:34', '2026-04-01 16:30:34');
INSERT INTO `qr_menu_items` (`id`, `category_id`, `restaurant_id`, `name`, `description`, `price`, `image`, `allergens`, `badges`, `is_featured`, `is_available`, `sort_order`, `created_at`, `updated_at`) VALUES ('1782', '153', '2', '{"tr":"Coca Cola","en":"Coca Cola"}', '{"tr":null}', '80', NULL, NULL, NULL, '0', '1', '11', '2026-04-01 16:30:34', '2026-04-01 16:30:34');
INSERT INTO `qr_menu_items` (`id`, `category_id`, `restaurant_id`, `name`, `description`, `price`, `image`, `allergens`, `badges`, `is_featured`, `is_available`, `sort_order`, `created_at`, `updated_at`) VALUES ('1783', '153', '2', '{"tr":"Coca Cola Zero","en":"Coca Cola Zero"}', '{"tr":null}', '80', NULL, NULL, NULL, '0', '1', '12', '2026-04-01 16:30:34', '2026-04-01 16:30:34');
INSERT INTO `qr_menu_items` (`id`, `category_id`, `restaurant_id`, `name`, `description`, `price`, `image`, `allergens`, `badges`, `is_featured`, `is_available`, `sort_order`, `created_at`, `updated_at`) VALUES ('1784', '153', '2', '{"tr":"Fanta","en":"Fanta"}', '{"tr":null}', '80', NULL, NULL, NULL, '0', '1', '13', '2026-04-01 16:30:34', '2026-04-01 16:30:34');
INSERT INTO `qr_menu_items` (`id`, `category_id`, `restaurant_id`, `name`, `description`, `price`, `image`, `allergens`, `badges`, `is_featured`, `is_available`, `sort_order`, `created_at`, `updated_at`) VALUES ('1785', '153', '2', '{"tr":"Sprite","en":"Sprite"}', '{"tr":null}', '80', NULL, NULL, NULL, '0', '1', '14', '2026-04-01 16:30:34', '2026-04-01 16:30:34');
INSERT INTO `qr_menu_items` (`id`, `category_id`, `restaurant_id`, `name`, `description`, `price`, `image`, `allergens`, `badges`, `is_featured`, `is_available`, `sort_order`, `created_at`, `updated_at`) VALUES ('1786', '153', '2', '{"tr":"Limonlu Soda","en":"Limonlu Soda"}', '{"tr":null}', '60', NULL, NULL, NULL, '0', '1', '15', '2026-04-01 16:30:34', '2026-04-01 16:30:34');
INSERT INTO `qr_menu_items` (`id`, `category_id`, `restaurant_id`, `name`, `description`, `price`, `image`, `allergens`, `badges`, `is_featured`, `is_available`, `sort_order`, `created_at`, `updated_at`) VALUES ('1787', '153', '2', '{"tr":"Elmalı Soda","en":"Elmalı Soda"}', '{"tr":null}', '60', NULL, NULL, NULL, '0', '1', '16', '2026-04-01 16:30:34', '2026-04-01 16:30:34');
INSERT INTO `qr_menu_items` (`id`, `category_id`, `restaurant_id`, `name`, `description`, `price`, `image`, `allergens`, `badges`, `is_featured`, `is_available`, `sort_order`, `created_at`, `updated_at`) VALUES ('1788', '153', '2', '{"tr":"Mandalinalı Soda","en":"Mandalinalı Soda"}', '{"tr":null}', '60', NULL, NULL, NULL, '0', '1', '17', '2026-04-01 16:30:34', '2026-04-01 16:30:34');
INSERT INTO `qr_menu_items` (`id`, `category_id`, `restaurant_id`, `name`, `description`, `price`, `image`, `allergens`, `badges`, `is_featured`, `is_available`, `sort_order`, `created_at`, `updated_at`) VALUES ('1789', '153', '2', '{"tr":"Karpuz-Çilekli Soda","en":"Karpuz-Çilekli Soda"}', '{"tr":null}', '80', NULL, NULL, NULL, '0', '1', '18', '2026-04-01 16:30:34', '2026-04-01 16:30:34');
INSERT INTO `qr_menu_items` (`id`, `category_id`, `restaurant_id`, `name`, `description`, `price`, `image`, `allergens`, `badges`, `is_featured`, `is_available`, `sort_order`, `created_at`, `updated_at`) VALUES ('1790', '153', '2', '{"tr":"Sade Soda","en":"Sade Soda"}', '{"tr":null}', '60', NULL, NULL, NULL, '0', '1', '19', '2026-04-01 16:30:34', '2026-04-01 16:30:34');
INSERT INTO `qr_menu_items` (`id`, `category_id`, `restaurant_id`, `name`, `description`, `price`, `image`, `allergens`, `badges`, `is_featured`, `is_available`, `sort_order`, `created_at`, `updated_at`) VALUES ('1791', '153', '2', '{"tr":"Şeftalili Meyve Suyu","en":"Şeftalili Meyve Suyu"}', '{"tr":null}', '80', NULL, NULL, NULL, '0', '1', '20', '2026-04-01 16:30:34', '2026-04-01 16:30:34');
INSERT INTO `qr_menu_items` (`id`, `category_id`, `restaurant_id`, `name`, `description`, `price`, `image`, `allergens`, `badges`, `is_featured`, `is_available`, `sort_order`, `created_at`, `updated_at`) VALUES ('1792', '153', '2', '{"tr":"Vişneli Meyve Suyu","en":"Vişneli Meyve Suyu"}', '{"tr":null}', '80', NULL, NULL, NULL, '0', '1', '21', '2026-04-01 16:30:34', '2026-04-01 16:30:34');
INSERT INTO `qr_menu_items` (`id`, `category_id`, `restaurant_id`, `name`, `description`, `price`, `image`, `allergens`, `badges`, `is_featured`, `is_available`, `sort_order`, `created_at`, `updated_at`) VALUES ('1793', '153', '2', '{"tr":"Karışık Meyve Suyu","en":"Karışık Meyve Suyu"}', '{"tr":null}', '80', NULL, NULL, NULL, '0', '1', '22', '2026-04-01 16:30:34', '2026-04-01 16:30:34');
INSERT INTO `qr_menu_items` (`id`, `category_id`, `restaurant_id`, `name`, `description`, `price`, `image`, `allergens`, `badges`, `is_featured`, `is_available`, `sort_order`, `created_at`, `updated_at`) VALUES ('1794', '153', '2', '{"tr":"Fuse Tea Şeftali","en":"Fuse Tea Şeftali"}', '{"tr":null}', '80', NULL, NULL, NULL, '0', '1', '23', '2026-04-01 16:30:34', '2026-04-01 16:30:34');
INSERT INTO `qr_menu_items` (`id`, `category_id`, `restaurant_id`, `name`, `description`, `price`, `image`, `allergens`, `badges`, `is_featured`, `is_available`, `sort_order`, `created_at`, `updated_at`) VALUES ('1795', '153', '2', '{"tr":"Fuse Tea Limon","en":"Fuse Tea Limon"}', '{"tr":null}', '80', NULL, NULL, NULL, '0', '1', '24', '2026-04-01 16:30:34', '2026-04-01 16:30:34');
INSERT INTO `qr_menu_items` (`id`, `category_id`, `restaurant_id`, `name`, `description`, `price`, `image`, `allergens`, `badges`, `is_featured`, `is_available`, `sort_order`, `created_at`, `updated_at`) VALUES ('1796', '153', '2', '{"tr":"Fuse Tea Mango","en":"Fuse Tea Mango"}', '{"tr":null}', '80', NULL, NULL, NULL, '0', '1', '25', '2026-04-01 16:30:34', '2026-04-01 16:30:34');
INSERT INTO `qr_menu_items` (`id`, `category_id`, `restaurant_id`, `name`, `description`, `price`, `image`, `allergens`, `badges`, `is_featured`, `is_available`, `sort_order`, `created_at`, `updated_at`) VALUES ('1797', '153', '2', '{"tr":"Ayran","en":"Ayran"}', '{"tr":null}', '50', NULL, NULL, NULL, '0', '1', '26', '2026-04-01 16:30:34', '2026-04-01 16:30:34');
INSERT INTO `qr_menu_items` (`id`, `category_id`, `restaurant_id`, `name`, `description`, `price`, `image`, `allergens`, `badges`, `is_featured`, `is_available`, `sort_order`, `created_at`, `updated_at`) VALUES ('1798', '153', '2', '{"tr":"Su","en":"Su"}', '{"tr":null}', '20', NULL, NULL, NULL, '0', '1', '27', '2026-04-01 16:30:34', '2026-04-01 16:30:34');
INSERT INTO `qr_menu_items` (`id`, `category_id`, `restaurant_id`, `name`, `description`, `price`, `image`, `allergens`, `badges`, `is_featured`, `is_available`, `sort_order`, `created_at`, `updated_at`) VALUES ('1799', '154', '2', '{"tr":"Fincan Çay","en":"Fincan Çay"}', '{"tr":null}', '70', NULL, NULL, NULL, '0', '1', '0', '2026-04-01 16:30:34', '2026-04-01 16:30:34');
INSERT INTO `qr_menu_items` (`id`, `category_id`, `restaurant_id`, `name`, `description`, `price`, `image`, `allergens`, `badges`, `is_featured`, `is_available`, `sort_order`, `created_at`, `updated_at`) VALUES ('1800', '154', '2', '{"tr":"Sahlep","en":"Sahlep"}', '{"tr":null}', '120', NULL, NULL, NULL, '0', '1', '1', '2026-04-01 16:30:34', '2026-04-01 16:30:34');
INSERT INTO `qr_menu_items` (`id`, `category_id`, `restaurant_id`, `name`, `description`, `price`, `image`, `allergens`, `badges`, `is_featured`, `is_available`, `sort_order`, `created_at`, `updated_at`) VALUES ('1801', '154', '2', '{"tr":"Sıcak Çikolata","en":"Sıcak Çikolata"}', '{"tr":null}', '130', NULL, NULL, NULL, '0', '1', '2', '2026-04-01 16:30:34', '2026-04-01 16:30:34');
INSERT INTO `qr_menu_items` (`id`, `category_id`, `restaurant_id`, `name`, `description`, `price`, `image`, `allergens`, `badges`, `is_featured`, `is_available`, `sort_order`, `created_at`, `updated_at`) VALUES ('1802', '154', '2', '{"tr":"Ihlamur","en":"Ihlamur"}', '{"tr":null}', '100', NULL, NULL, NULL, '0', '1', '3', '2026-04-01 16:30:34', '2026-04-01 16:30:34');
INSERT INTO `qr_menu_items` (`id`, `category_id`, `restaurant_id`, `name`, `description`, `price`, `image`, `allergens`, `badges`, `is_featured`, `is_available`, `sort_order`, `created_at`, `updated_at`) VALUES ('1803', '154', '2', '{"tr":"Kuşburnu","en":"Kuşburnu"}', '{"tr":null}', '100', NULL, NULL, NULL, '0', '1', '4', '2026-04-01 16:30:34', '2026-04-01 16:30:34');
INSERT INTO `qr_menu_items` (`id`, `category_id`, `restaurant_id`, `name`, `description`, `price`, `image`, `allergens`, `badges`, `is_featured`, `is_available`, `sort_order`, `created_at`, `updated_at`) VALUES ('1804', '154', '2', '{"tr":"Adaçayı","en":"Adaçayı"}', '{"tr":null}', '100', NULL, NULL, NULL, '0', '1', '5', '2026-04-01 16:30:34', '2026-04-01 16:30:34');
INSERT INTO `qr_menu_items` (`id`, `category_id`, `restaurant_id`, `name`, `description`, `price`, `image`, `allergens`, `badges`, `is_featured`, `is_available`, `sort_order`, `created_at`, `updated_at`) VALUES ('1805', '154', '2', '{"tr":"Yeşil Çay","en":"Yeşil Çay"}', '{"tr":null}', '100', NULL, NULL, NULL, '0', '1', '6', '2026-04-01 16:30:34', '2026-04-01 16:30:34');
INSERT INTO `qr_menu_items` (`id`, `category_id`, `restaurant_id`, `name`, `description`, `price`, `image`, `allergens`, `badges`, `is_featured`, `is_available`, `sort_order`, `created_at`, `updated_at`) VALUES ('1806', '154', '2', '{"tr":"Elma Çayı","en":"Elma Çayı"}', '{"tr":null}', '100', NULL, NULL, NULL, '0', '1', '7', '2026-04-01 16:30:34', '2026-04-01 16:30:34');
INSERT INTO `qr_menu_items` (`id`, `category_id`, `restaurant_id`, `name`, `description`, `price`, `image`, `allergens`, `badges`, `is_featured`, `is_available`, `sort_order`, `created_at`, `updated_at`) VALUES ('1807', '154', '2', '{"tr":"Kış Çayı","en":"Kış Çayı"}', '{"tr":null}', '100', NULL, NULL, NULL, '0', '1', '8', '2026-04-01 16:30:34', '2026-04-01 16:30:34');
INSERT INTO `qr_menu_items` (`id`, `category_id`, `restaurant_id`, `name`, `description`, `price`, `image`, `allergens`, `badges`, `is_featured`, `is_available`, `sort_order`, `created_at`, `updated_at`) VALUES ('1808', '154', '2', '{"tr":"Papatya Çayı","en":"Papatya Çayı"}', '{"tr":null}', '100', NULL, NULL, NULL, '0', '1', '9', '2026-04-01 16:30:34', '2026-04-01 16:30:34');
INSERT INTO `qr_menu_items` (`id`, `category_id`, `restaurant_id`, `name`, `description`, `price`, `image`, `allergens`, `badges`, `is_featured`, `is_available`, `sort_order`, `created_at`, `updated_at`) VALUES ('1809', '154', '2', '{"tr":"Limonlu Yeşil Çay","en":"Limonlu Yeşil Çay"}', '{"tr":null}', '100', NULL, NULL, NULL, '0', '1', '10', '2026-04-01 16:30:34', '2026-04-01 16:30:34');
INSERT INTO `qr_menu_items` (`id`, `category_id`, `restaurant_id`, `name`, `description`, `price`, `image`, `allergens`, `badges`, `is_featured`, `is_available`, `sort_order`, `created_at`, `updated_at`) VALUES ('1810', '154', '2', '{"tr":"Yaseminli Yeşil Çay","en":"Yaseminli Yeşil Çay"}', '{"tr":null}', '100', NULL, NULL, NULL, '0', '1', '11', '2026-04-01 16:30:34', '2026-04-01 16:30:34');
INSERT INTO `qr_menu_items` (`id`, `category_id`, `restaurant_id`, `name`, `description`, `price`, `image`, `allergens`, `badges`, `is_featured`, `is_available`, `sort_order`, `created_at`, `updated_at`) VALUES ('1811', '154', '2', '{"tr":"Reyhanlı Yeşil Çay","en":"Reyhanlı Yeşil Çay"}', '{"tr":null}', '100', NULL, NULL, NULL, '0', '1', '12', '2026-04-01 16:30:34', '2026-04-01 16:30:34');
INSERT INTO `qr_menu_items` (`id`, `category_id`, `restaurant_id`, `name`, `description`, `price`, `image`, `allergens`, `badges`, `is_featured`, `is_available`, `sort_order`, `created_at`, `updated_at`) VALUES ('1812', '154', '2', '{"tr":"Türk Kahvesi","en":"Türk Kahvesi"}', '{"tr":null}', '80', NULL, NULL, NULL, '0', '1', '13', '2026-04-01 16:30:34', '2026-04-01 16:30:34');
INSERT INTO `qr_menu_items` (`id`, `category_id`, `restaurant_id`, `name`, `description`, `price`, `image`, `allergens`, `badges`, `is_featured`, `is_available`, `sort_order`, `created_at`, `updated_at`) VALUES ('1813', '154', '2', '{"tr":"Double Türk Kahvesi","en":"Double Türk Kahvesi"}', '{"tr":null}', '95', NULL, NULL, NULL, '0', '1', '14', '2026-04-01 16:30:34', '2026-04-01 16:30:34');
INSERT INTO `qr_menu_items` (`id`, `category_id`, `restaurant_id`, `name`, `description`, `price`, `image`, `allergens`, `badges`, `is_featured`, `is_available`, `sort_order`, `created_at`, `updated_at`) VALUES ('1814', '154', '2', '{"tr":"Espresso","en":"Espresso"}', '{"tr":null}', '80', NULL, NULL, NULL, '0', '1', '15', '2026-04-01 16:30:34', '2026-04-01 16:30:34');
INSERT INTO `qr_menu_items` (`id`, `category_id`, `restaurant_id`, `name`, `description`, `price`, `image`, `allergens`, `badges`, `is_featured`, `is_available`, `sort_order`, `created_at`, `updated_at`) VALUES ('1815', '154', '2', '{"tr":"Double Espresso","en":"Double Espresso"}', '{"tr":null}', '95', NULL, NULL, NULL, '0', '1', '16', '2026-04-01 16:30:34', '2026-04-01 16:30:34');
INSERT INTO `qr_menu_items` (`id`, `category_id`, `restaurant_id`, `name`, `description`, `price`, `image`, `allergens`, `badges`, `is_featured`, `is_available`, `sort_order`, `created_at`, `updated_at`) VALUES ('1816', '154', '2', '{"tr":"Americano","en":"Americano"}', '{"tr":null}', '120', NULL, NULL, NULL, '0', '1', '17', '2026-04-01 16:30:34', '2026-04-01 16:30:34');
INSERT INTO `qr_menu_items` (`id`, `category_id`, `restaurant_id`, `name`, `description`, `price`, `image`, `allergens`, `badges`, `is_featured`, `is_available`, `sort_order`, `created_at`, `updated_at`) VALUES ('1817', '154', '2', '{"tr":"Cappuccino","en":"Cappuccino"}', '{"tr":null}', '120', NULL, NULL, NULL, '0', '1', '18', '2026-04-01 16:30:34', '2026-04-01 16:30:34');
INSERT INTO `qr_menu_items` (`id`, `category_id`, `restaurant_id`, `name`, `description`, `price`, `image`, `allergens`, `badges`, `is_featured`, `is_available`, `sort_order`, `created_at`, `updated_at`) VALUES ('1818', '154', '2', '{"tr":"Latte","en":"Latte"}', '{"tr":null}', '120', NULL, NULL, NULL, '0', '1', '19', '2026-04-01 16:30:34', '2026-04-01 16:30:34');
INSERT INTO `qr_menu_items` (`id`, `category_id`, `restaurant_id`, `name`, `description`, `price`, `image`, `allergens`, `badges`, `is_featured`, `is_available`, `sort_order`, `created_at`, `updated_at`) VALUES ('1819', '154', '2', '{"tr":"Nescafe","en":"Nescafe"}', '{"tr":null}', '90', NULL, NULL, NULL, '0', '1', '20', '2026-04-01 16:30:34', '2026-04-01 16:30:34');
INSERT INTO `qr_menu_items` (`id`, `category_id`, `restaurant_id`, `name`, `description`, `price`, `image`, `allergens`, `badges`, `is_featured`, `is_available`, `sort_order`, `created_at`, `updated_at`) VALUES ('1820', '154', '2', '{"tr":"Mocha","en":"Mocha"}', '{"tr":null}', '95', NULL, NULL, NULL, '0', '1', '21', '2026-04-01 16:30:34', '2026-04-01 16:30:34');

DROP TABLE IF EXISTS `blog_categories`;
CREATE TABLE `blog_categories` (`id` INT NOT NULL AUTO_INCREMENT PRIMARY KEY, `name` text not null, `slug` VARCHAR(255) not null, `description` text, `color` VARCHAR(255), `sort_order` integer not null default '0', `created_at` datetime, `updated_at` datetime) ENGINE=InnoDB DEFAULT CHARSET=utf8mb4 COLLATE=utf8mb4_unicode_ci;


DROP TABLE IF EXISTS `blog_posts`;
CREATE TABLE `blog_posts` (`id` INT NOT NULL AUTO_INCREMENT PRIMARY KEY, `author_id` integer, `category_id` integer, `title` text not null, `slug` VARCHAR(255) not null, `excerpt` text, `content` text, `meta_title` text, `meta_description` text, `featured_image` VARCHAR(255), `status` VARCHAR(255) check (`status` in ('draft', 'published', 'scheduled', 'archived')) not null default 'draft', `published_at` datetime, `is_featured` TINYINT(1) NOT NULL DEFAULT 0, `read_time` integer, `view_count` integer not null default '0', `created_at` datetime, `updated_at` datetime, `deleted_at` datetime, foreign key(`author_id`) references `users`(`id`) on delete set null, foreign key(`category_id`) references `blog_categories`(`id`) on delete set null) ENGINE=InnoDB DEFAULT CHARSET=utf8mb4 COLLATE=utf8mb4_unicode_ci;


DROP TABLE IF EXISTS `blog_post_tags`;
CREATE TABLE `blog_post_tags` (`id` INT NOT NULL AUTO_INCREMENT PRIMARY KEY, `name` text not null, `slug` VARCHAR(255) not null, `created_at` datetime, `updated_at` datetime) ENGINE=InnoDB DEFAULT CHARSET=utf8mb4 COLLATE=utf8mb4_unicode_ci;


DROP TABLE IF EXISTS `blog_post_tag`;
CREATE TABLE `blog_post_tag` (`post_id` integer not null, `tag_id` integer not null, foreign key(`post_id`) references `blog_posts`(`id`) on delete cascade, foreign key(`tag_id`) references `blog_post_tags`(`id`) on delete cascade, primary key (`post_id`, `tag_id`)) ENGINE=InnoDB DEFAULT CHARSET=utf8mb4 COLLATE=utf8mb4_unicode_ci;


DROP TABLE IF EXISTS `services`;
CREATE TABLE `services` (`id` INT NOT NULL AUTO_INCREMENT PRIMARY KEY, `title` text not null, `slug` VARCHAR(255) not null, `short_description` text, `description` text, `icon` VARCHAR(255), `featured_image` VARCHAR(255), `meta_title` text, `meta_description` text, `features` text, `price_from` numeric, `status` VARCHAR(255) check (`status` in ('draft', 'published')) not null default 'draft', `is_featured` TINYINT(1) NOT NULL DEFAULT 0, `sort_order` integer not null default '0', `created_at` datetime, `updated_at` datetime, `deleted_at` datetime) ENGINE=InnoDB DEFAULT CHARSET=utf8mb4 COLLATE=utf8mb4_unicode_ci;


DROP TABLE IF EXISTS `portfolio_categories`;
CREATE TABLE `portfolio_categories` (`id` INT NOT NULL AUTO_INCREMENT PRIMARY KEY, `name` text not null, `slug` VARCHAR(255) not null, `sort_order` integer not null default '0', `created_at` datetime, `updated_at` datetime) ENGINE=InnoDB DEFAULT CHARSET=utf8mb4 COLLATE=utf8mb4_unicode_ci;


DROP TABLE IF EXISTS `portfolio_projects`;
CREATE TABLE `portfolio_projects` (`id` INT NOT NULL AUTO_INCREMENT PRIMARY KEY, `category_id` integer, `title` text not null, `slug` VARCHAR(255) not null, `short_description` text, `description` text, `client_name` text, `client_url` VARCHAR(255), `completed_at` date, `technologies` text, `meta_title` text, `meta_description` text, `status` VARCHAR(255) check (`status` in ('draft', 'published')) not null default 'draft', `is_featured` TINYINT(1) NOT NULL DEFAULT 0, `sort_order` integer not null default '0', `created_at` datetime, `updated_at` datetime, `deleted_at` datetime, foreign key(`category_id`) references `portfolio_categories`(`id`) on delete set null) ENGINE=InnoDB DEFAULT CHARSET=utf8mb4 COLLATE=utf8mb4_unicode_ci;


DROP TABLE IF EXISTS `team_members`;
CREATE TABLE `team_members` (`id` INT NOT NULL AUTO_INCREMENT PRIMARY KEY, `name` text not null, `slug` VARCHAR(255) not null, `position` text not null, `bio` text, `email` VARCHAR(255), `phone` VARCHAR(255), `social_links` text, `photo` VARCHAR(255), `is_active` tinyint(1) not null default '1', `sort_order` integer not null default '0', `created_at` datetime, `updated_at` datetime) ENGINE=InnoDB DEFAULT CHARSET=utf8mb4 COLLATE=utf8mb4_unicode_ci;

INSERT INTO `team_members` (`id`, `name`, `slug`, `position`, `bio`, `email`, `phone`, `social_links`, `photo`, `is_active`, `sort_order`, `created_at`, `updated_at`) VALUES ('1', '{"tr":"Ayşe Yılmaz","en":"Ayşe Yılmaz"}', 'ayse-yilmaz', '{"tr":"İşletme Müdürü","en":"General Manager"}', '{"tr":"Misafir memnuniyeti ve kalite standartlarından sorumlu.","en":"Guest experience & quality."}', NULL, NULL, NULL, NULL, '1', '0', '2026-04-01 07:44:49', '2026-04-01 07:44:49');
INSERT INTO `team_members` (`id`, `name`, `slug`, `position`, `bio`, `email`, `phone`, `social_links`, `photo`, `is_active`, `sort_order`, `created_at`, `updated_at`) VALUES ('2', '{"tr":"Mehmet Kaya","en":"Mehmet Kaya"}', 'mehmet-kaya', '{"tr":"Şef — Tatlı & Dondurma","en":"Pastry & Gelato Chef"}', '{"tr":"Roma dondurmalarının tariflerini ve sunumunu yönetiyor.","en":"Leads our gelato recipes & presentation."}', NULL, NULL, NULL, NULL, '1', '1', '2026-04-01 07:44:49', '2026-04-01 07:44:49');
INSERT INTO `team_members` (`id`, `name`, `slug`, `position`, `bio`, `email`, `phone`, `social_links`, `photo`, `is_active`, `sort_order`, `created_at`, `updated_at`) VALUES ('3', '{"tr":"Zeynep Demir","en":"Zeynep Demir"}', 'zeynep-demir', '{"tr":"Kahvaltı & Mutfak","en":"Breakfast & Kitchen"}', '{"tr":"Serpme kahvaltı ve sıcak mutfak ürünlerinin koordinasyonu.","en":"Coordinates breakfast & hot kitchen."}', NULL, NULL, NULL, NULL, '1', '2', '2026-04-01 07:44:49', '2026-04-01 07:44:49');

DROP TABLE IF EXISTS `contact_submissions`;
CREATE TABLE `contact_submissions` (`id` INT NOT NULL AUTO_INCREMENT PRIMARY KEY, `name` VARCHAR(255) not null, `email` VARCHAR(255) not null, `phone` VARCHAR(255), `subject` VARCHAR(255), `message` text not null, `form_key` VARCHAR(255) not null default 'contact', `ip_address` VARCHAR(255), `status` VARCHAR(255) not null default 'new', `read_at` datetime, `replied_at` datetime, `admin_notes` text, `created_at` datetime, `updated_at` datetime) ENGINE=InnoDB DEFAULT CHARSET=utf8mb4 COLLATE=utf8mb4_unicode_ci;


DROP TABLE IF EXISTS `meeting_staff`;
CREATE TABLE `meeting_staff` (`id` INT NOT NULL AUTO_INCREMENT PRIMARY KEY, `name` VARCHAR(255) not null, `email` VARCHAR(255) not null, `phone` VARCHAR(255), `photo` VARCHAR(255), `title` text, `bio` text, `expertise` text, `working_hours` text, `meeting_duration` integer not null default '30', `buffer_time` integer not null default '15', `is_active` tinyint(1) not null default '1', `created_at` datetime, `updated_at` datetime, `team_member_id` integer) ENGINE=InnoDB DEFAULT CHARSET=utf8mb4 COLLATE=utf8mb4_unicode_ci;


DROP TABLE IF EXISTS `meeting_appointments`;
CREATE TABLE `meeting_appointments` (`id` INT NOT NULL AUTO_INCREMENT PRIMARY KEY, `staff_id` integer not null, `client_name` VARCHAR(255) not null, `client_email` VARCHAR(255) not null, `client_phone` VARCHAR(255), `notes` text, `starts_at` datetime not null, `ends_at` datetime not null, `timezone` VARCHAR(255) not null default 'Europe/Istanbul', `status` VARCHAR(255) check (`status` in ('pending', 'confirmed', 'cancelled', 'completed')) not null default 'pending', `meeting_type` VARCHAR(255) check (`meeting_type` in ('zoom', 'google_meet', 'teams', 'phone', 'in_person')) not null default 'zoom', `meeting_link` VARCHAR(255), `meeting_id` VARCHAR(255), `meeting_password` VARCHAR(255), `reminder_sent_at` datetime, `cancellation_reason` VARCHAR(255), `created_at` datetime, `updated_at` datetime, foreign key(`staff_id`) references `meeting_staff`(`id`) on delete cascade) ENGINE=InnoDB DEFAULT CHARSET=utf8mb4 COLLATE=utf8mb4_unicode_ci;


DROP TABLE IF EXISTS `meeting_blocked_slots`;
CREATE TABLE `meeting_blocked_slots` (`id` INT NOT NULL AUTO_INCREMENT PRIMARY KEY, `staff_id` integer, `starts_at` datetime not null, `ends_at` datetime not null, `reason` VARCHAR(255), `is_recurring` TINYINT(1) NOT NULL DEFAULT 0, `created_at` datetime, `updated_at` datetime, foreign key(`staff_id`) references `meeting_staff`(`id`) on delete cascade) ENGINE=InnoDB DEFAULT CHARSET=utf8mb4 COLLATE=utf8mb4_unicode_ci;


DROP TABLE IF EXISTS `media`;
CREATE TABLE `media` (`id` INT NOT NULL AUTO_INCREMENT PRIMARY KEY, `model_type` VARCHAR(255) not null, `model_id` integer not null, `uuid` VARCHAR(255), `collection_name` VARCHAR(255) not null, `name` VARCHAR(255) not null, `file_name` VARCHAR(255) not null, `mime_type` VARCHAR(255), `disk` VARCHAR(255) not null, `conversions_disk` VARCHAR(255), `size` integer not null, `manipulations` text not null, `custom_properties` text not null, `generated_conversions` text not null, `responsive_images` text not null, `order_column` integer, `created_at` datetime, `updated_at` datetime) ENGINE=InnoDB DEFAULT CHARSET=utf8mb4 COLLATE=utf8mb4_unicode_ci;

INSERT INTO `media` (`id`, `model_type`, `model_id`, `uuid`, `collection_name`, `name`, `file_name`, `mime_type`, `disk`, `conversions_disk`, `size`, `manipulations`, `custom_properties`, `generated_conversions`, `responsive_images`, `order_column`, `created_at`, `updated_at`) VALUES ('1', 'Modules\QrMenu\App\Models\MenuCategory', '138', '2e1325e8-8848-4f0f-8970-9fae05389fe6', 'image', 'kahvalticat', '01KN7DDMRY1PNMJJ587KX43VC9.jpg', 'image/jpeg', 'public', 'public', '55233', '[]', '[]', '[]', '[]', '1', '2026-04-02 15:36:34', '2026-04-02 15:36:34');
INSERT INTO `media` (`id`, `model_type`, `model_id`, `uuid`, `collection_name`, `name`, `file_name`, `mime_type`, `disk`, `conversions_disk`, `size`, `manipulations`, `custom_properties`, `generated_conversions`, `responsive_images`, `order_column`, `created_at`, `updated_at`) VALUES ('2', 'Modules\QrMenu\App\Models\MenuCategory', '139', '744f5788-b6f2-4605-8c93-fbceecbbde42', 'image', 'sebz', '01KN7DEH47FHZP56RWNH3D1TVZ.jpg', 'image/jpeg', 'public', 'public', '132038', '[]', '[]', '[]', '[]', '1', '2026-04-02 15:37:03', '2026-04-02 15:37:03');
INSERT INTO `media` (`id`, `model_type`, `model_id`, `uuid`, `collection_name`, `name`, `file_name`, `mime_type`, `disk`, `conversions_disk`, `size`, `manipulations`, `custom_properties`, `generated_conversions`, `responsive_images`, `order_column`, `created_at`, `updated_at`) VALUES ('3', 'Modules\QrMenu\App\Models\MenuItem', '1619', 'b6177dff-b496-43a3-aa86-bfb143fea623', 'image', 'kahvalticat', '01KN7DF7NDDSAD3GDCZDRV4BPN.jpg', 'image/jpeg', 'public', 'public', '55233', '[]', '[]', '[]', '[]', '1', '2026-04-02 15:37:26', '2026-04-02 15:37:26');
INSERT INTO `media` (`id`, `model_type`, `model_id`, `uuid`, `collection_name`, `name`, `file_name`, `mime_type`, `disk`, `conversions_disk`, `size`, `manipulations`, `custom_properties`, `generated_conversions`, `responsive_images`, `order_column`, `created_at`, `updated_at`) VALUES ('4', 'Modules\QrMenu\App\Models\MenuItem', '1621', 'a5186bdd-0ce5-4d71-97b5-8742a5c59102', 'image', 'sebz', '01KN7F72MKRJDCZA4TDG55GKMR.jpg', 'image/jpeg', 'public', 'public', '132038', '[]', '[]', '[]', '[]', '1', '2026-04-02 16:07:56', '2026-04-02 16:07:56');
INSERT INTO `media` (`id`, `model_type`, `model_id`, `uuid`, `collection_name`, `name`, `file_name`, `mime_type`, `disk`, `conversions_disk`, `size`, `manipulations`, `custom_properties`, `generated_conversions`, `responsive_images`, `order_column`, `created_at`, `updated_at`) VALUES ('5', 'Modules\QrMenu\App\Models\MenuItem', '1622', '93c4db82-a8c4-4407-b11a-111b3eb1315c', 'image', 'borek', '01KN7F82PSJ51VS2AYC6QYE38A.jpg', 'image/jpeg', 'public', 'public', '89457', '[]', '[]', '[]', '[]', '1', '2026-04-02 16:08:29', '2026-04-02 16:08:29');
INSERT INTO `media` (`id`, `model_type`, `model_id`, `uuid`, `collection_name`, `name`, `file_name`, `mime_type`, `disk`, `conversions_disk`, `size`, `manipulations`, `custom_properties`, `generated_conversions`, `responsive_images`, `order_column`, `created_at`, `updated_at`) VALUES ('7', 'Modules\QrMenu\App\Models\MenuItem', '1620', '3974b0f0-f511-44e5-b1e6-d708290a33da', 'image', 'kahvalticat-v1', '01KN7FD417BP1GJK3C31CS492E.jpg', 'image/jpeg', 'public', 'public', '23353', '[]', '[]', '[]', '[]', '1', '2026-04-02 16:11:14', '2026-04-02 16:11:14');

DROP TABLE IF EXISTS `permissions`;
CREATE TABLE `permissions` (`id` INT NOT NULL AUTO_INCREMENT PRIMARY KEY, `name` VARCHAR(255) not null, `guard_name` VARCHAR(255) not null, `created_at` datetime, `updated_at` datetime) ENGINE=InnoDB DEFAULT CHARSET=utf8mb4 COLLATE=utf8mb4_unicode_ci;


DROP TABLE IF EXISTS `roles`;
CREATE TABLE `roles` (`id` INT NOT NULL AUTO_INCREMENT PRIMARY KEY, `name` VARCHAR(255) not null, `guard_name` VARCHAR(255) not null, `created_at` datetime, `updated_at` datetime) ENGINE=InnoDB DEFAULT CHARSET=utf8mb4 COLLATE=utf8mb4_unicode_ci;

INSERT INTO `roles` (`id`, `name`, `guard_name`, `created_at`, `updated_at`) VALUES ('1', 'super_admin', 'web', '2026-04-01 06:52:20', '2026-04-01 06:52:20');
INSERT INTO `roles` (`id`, `name`, `guard_name`, `created_at`, `updated_at`) VALUES ('2', 'admin', 'web', '2026-04-01 06:52:20', '2026-04-01 06:52:20');
INSERT INTO `roles` (`id`, `name`, `guard_name`, `created_at`, `updated_at`) VALUES ('3', 'editor', 'web', '2026-04-01 06:52:20', '2026-04-01 06:52:20');
INSERT INTO `roles` (`id`, `name`, `guard_name`, `created_at`, `updated_at`) VALUES ('4', 'agency_user', 'web', '2026-04-01 06:52:20', '2026-04-01 06:52:20');
INSERT INTO `roles` (`id`, `name`, `guard_name`, `created_at`, `updated_at`) VALUES ('5', 'client', 'web', '2026-04-01 06:52:20', '2026-04-01 06:52:20');

DROP TABLE IF EXISTS `model_has_permissions`;
CREATE TABLE `model_has_permissions` (`permission_id` integer not null, `model_type` VARCHAR(255) not null, `model_id` integer not null, foreign key(`permission_id`) references `permissions`(`id`) on delete cascade, primary key (`permission_id`, `model_id`, `model_type`)) ENGINE=InnoDB DEFAULT CHARSET=utf8mb4 COLLATE=utf8mb4_unicode_ci;


DROP TABLE IF EXISTS `model_has_roles`;
CREATE TABLE `model_has_roles` (`role_id` integer not null, `model_type` VARCHAR(255) not null, `model_id` integer not null, foreign key(`role_id`) references `roles`(`id`) on delete cascade, primary key (`role_id`, `model_id`, `model_type`)) ENGINE=InnoDB DEFAULT CHARSET=utf8mb4 COLLATE=utf8mb4_unicode_ci;

INSERT INTO `model_has_roles` (`role_id`, `model_type`, `model_id`) VALUES ('1', 'App\Models\User', '1');
INSERT INTO `model_has_roles` (`role_id`, `model_type`, `model_id`) VALUES ('1', 'App\Models\User', '2');

DROP TABLE IF EXISTS `role_has_permissions`;
CREATE TABLE `role_has_permissions` (`permission_id` integer not null, `role_id` integer not null, foreign key(`permission_id`) references `permissions`(`id`) on delete cascade, foreign key(`role_id`) references `roles`(`id`) on delete cascade, primary key (`permission_id`, `role_id`)) ENGINE=InnoDB DEFAULT CHARSET=utf8mb4 COLLATE=utf8mb4_unicode_ci;


SET FOREIGN_KEY_CHECKS=1;
